gene	log2hr	pval
ACY1	1.1505596765753814	0.0
RTN4R	1.1375035237499351	0.0
IGSF3	1.232660756790275	0.0
PON3	-1.2175914350726267	0.0
IL1RN	1.1309308698264486	0.0
CPM	1.1243281350022019	0.0
IL18R1	1.1505596765753814	0.0
NFASC	1.2570106182060239	0.0
PRCP	1.1699250014423124	0.0
GDF15	1.3561438102252754	0.0
HGF	1.1505596765753814	0.0
FABP4	1.1375035237499351	2.87e-322
LEP	1.2387868595871165	1.372615707e-315
ADGRG1	1.1634987322828796	7.940664715e-315
GUSB	1.070389327891398	2.044240505885e-301
CDH2	1.0976107966264224	3.0067649337783e-297
PLXNB2	1.0840642647884746	6.18969997392734e-297
LGALS4	1.0496307677246004	7.41821062260538e-288
CTSD	1.0285691521967708	3.27794691051524e-285
KRT18	1.0496307677246004	3.33752837158722e-281
CDHR2	1.0840642647884746	1.2789892807408e-280
ASGR1	1.0071955014042038	5.81199620874994e-272
GSTA1	0.9927684307689242	1.07625189848578e-268
FURIN	0.9927684307689242	6.37983415952706e-265
INHBC	0.9708536543404835	1.58000134261934e-260
ACE2	1.0285691521967708	3.41540189899024e-259
RBP5	0.9781956296816515	2.32271071691372e-254
IGFBP2	-1.0	5.58117690634943e-249
ADH4	0.963474123974886	1.50098980540418e-246
CES1	0.9335726382610239	4.5823547677364e-242
GGT1	0.963474123974886	4.02653248984429e-240
PRSS8	1.0	2.69484324643313e-239
FABP1	0.9335726382610239	3.92065823260347e-232
SELE	0.9335726382610239	4.93582323668883e-231
TNFRSF10A	0.9335726382610239	7.29548335408485e-229
FGFR2	0.9486008474933557	2.00688343543299e-224
IGFBP1	-0.9159357352115255	1.46034335376419e-222
PTS	0.903038270112912	7.19085235866939e-221
CTSO	0.8797057662822882	2.0608419124904e-215
TNFRSF10B	0.9411063109464314	9.465843446046e-215
ITGA5	0.8953026213333067	1.89525658568268e-214
GSTA3	0.8718436485093178	8.10090719590897e-213
TNFRSF11A	0.9107326619029126	3.93350994201939e-212
GOLM2	0.8479969065549501	1.14533524513975e-208
RET	0.8639384504239717	3.60506321958345e-197
PAMR1	0.8399595874895318	9.88597299235186e-195
BAIAP2	0.8318772411916731	1.37561960764288e-194
IL6	0.8318772411916731	5.16903182594302e-194
FGF21	0.8318772411916731	1.09104210169422e-193
HAVCR1	0.9183862344463479	6.57947444381381e-193
F9	0.8237493603082727	3.42811514216225e-191
C1QTNF1	0.8237493603082727	2.61111862007568e-188
CA14	-0.8365012677171204	2.41309167684186e-187
THBS2	0.8073549220576041	1.68287805469805e-184
C2	0.8155754288625726	5.35755366199517e-184
HSD11B1	-0.8109661756099832	9.82580033335716e-182
MSR1	0.8399595874895318	2.21416548761835e-181
PLAT	0.8237493603082727	7.11317855257218e-176
HAO1	0.7990873060740036	5.93137689328798e-173
APOM	-0.7858751946471527	1.0038554980803e-172
CNTN3	0.8155754288625726	3.2952773925319e-172
SIGLEC7	0.7907720378619999	3.98536179859831e-171
MVK	0.7907720378619999	4.38136791472013e-170
PIGR	0.7824085649273732	8.29328302870922e-170
C19orf12	0.7824085649273732	1.88491826072486e-169
LPL	-0.8365012677171204	8.48526943291218e-168
CD163	0.7739963251111731	1.55358912624384e-167
CDCP1	0.8237493603082727	2.82423267199748e-166
ASAH2	0.7907720378619999	4.65608682799236e-166
LGALS9	0.8073549220576041	4.91079000597758e-166
ERBB2	0.7990873060740036	1.50737376485685e-165
OXT	0.7739963251111731	2.69615844114098e-165
COL6A3	0.8073549220576041	3.31722583060992e-164
NOS3	0.765534746362977	3.0454536981734e-163
GGH	0.7484612330040356	4.42389282663907e-163
TNFRSF1A	0.8073549220576041	1.04894002441255e-162
ICAM1	0.765534746362977	4.78874159160763e-161
SSC4D	0.7907720378619999	3.65918497700836e-160
RARRES2	0.7570232465074596	4.1651511114123e-160
STC1	0.7570232465074596	1.37599111832319e-156
REN	0.7907720378619999	3.98274366021587e-156
VSIG4	0.7907720378619999	6.64726782473617e-156
EFNA4	0.765534746362977	1.58900821704824e-152
ADA2	0.7570232465074596	2.92534211912622e-152
CRHBP	0.7484612330040356	1.19816192083941e-151
SSC5D	0.7398481026993274	1.58862714966651e-151
PLA2G15	0.7311832415721999	4.12004856284791e-151
ANGPT2	0.7398481026993274	1.02160013822203e-149
CCL20	0.7136958148433589	1.03111024734118e-148
AGRN	0.7484612330040356	1.50983953852824e-148
SULT2A1	0.7398481026993274	3.8288487196915e-148
SCLY	0.7484612330040356	8.58596189877204e-148
NOMO1	0.722466024471091	2.90069377113217e-147
AGXT	0.722466024471091	1.05563520156871e-146
SIGLEC1	0.722466024471091	3.44168101399095e-145
ADM	0.7824085649273732	5.11514854355648e-145
CCL7	0.7136958148433589	2.16565489615666e-144
MUC13	0.7398481026993274	9.20158322696027e-144
SPON2	0.7311832415721999	2.09527372195384e-143
CCL3	0.7311832415721999	2.2866506674148e-143
ANGPTL2	0.7136958148433589	3.79156217483433e-142
ALDH1A1	0.7136958148433589	2.50553990502762e-138
KYNU	0.7136958148433589	1.33929571651183e-137
CCL16	0.7311832415721999	4.91502237794276e-137
ADGRG2	-0.7369655941662062	5.52245159214833e-136
MME	0.7048719644563528	1.29271910330119e-135
FGFBP1	-0.7131188522118385	1.5384393030814e-135
ADAMTS15	0.6870606883398924	1.19719969857989e-132
BCAN	-0.7131188522118385	4.60292853896518e-132
SIT1	0.6690267655096307	4.85539369502444e-132
GFRA1	0.722466024471091	9.07992878905968e-131
CCL15	0.6959938131099002	1.09993405567913e-130
LILRA5	0.6780719051126377	1.15679454686301e-130
ROBO1	0.6780719051126377	9.5287675879154e-129
CDH1	0.6780719051126377	1.43723529613061e-128
HNMT	0.6959938131099002	3.14227342137832e-128
DCXR	0.7048719644563528	3.17319035270691e-127
SCARA5	0.7136958148433589	3.53236633582915e-127
PLAUR	0.6780719051126377	1.38218330514539e-125
SORD	0.6780719051126377	1.60305377736935e-125
TPP1	0.6599245584023783	4.64661601602678e-125
MET	-0.6665762662748083	3.1026018578845e-124
FSTL3	0.7136958148433589	1.16377162877434e-123
BST2	0.6690267655096307	1.35801595761421e-123
TIMP1	0.6780719051126377	7.50098514542509e-122
CTSZ	0.6599245584023783	6.42571417669343e-120
CA5A	0.6599245584023783	4.02712777017139e-119
PLIN1	0.6415460290875237	4.57510358389517e-119
TNFRSF1B	0.6690267655096307	8.31350273187569e-119
HAVCR2	0.6690267655096307	1.48029414641632e-118
CES2	0.6415460290875237	1.95106475405006e-118
COLEC12	0.6959938131099002	3.37745291466815e-118
MFGE8	0.6507645591169023	1.46791478583155e-117
CSF1	0.6599245584023783	1.48227176692854e-117
ENPP7	0.6507645591169023	3.33544682002419e-117
IGF2R	0.6415460290875237	3.52289140273403e-117
CD74	0.6690267655096307	1.02726420426159e-116
AREG	0.6690267655096307	1.36620148453054e-116
IGFBPL1	0.6780719051126377	2.84824756571268e-116
ACAA1	0.6415460290875237	6.22017916566938e-116
NCAN	-0.6665762662748083	5.21151932360099e-114
SCARB2	0.6870606883398924	5.57278853845076e-114
NRCAM	0.632268215499513	5.61203196997479e-113
NTRK3	-0.6438561897747247	9.87487949893728e-113
LAIR1	0.6599245584023783	2.65296181310674e-112
IL10RB	0.6415460290875237	9.86460300395129e-112
TNFRSF12A	0.6690267655096307	1.18203695891247e-111
TGFA	0.6229303509201767	2.85368063334257e-110
CST3	0.6690267655096307	2.12342713246574e-109
SNCG	0.6507645591169023	7.29776410380436e-108
ACAN	-0.6438561897747247	1.45114847506181e-107
IGFBP7	0.6507645591169023	2.1629677777693e-107
FGF23	0.632268215499513	1.53676011157731e-106
CD4	0.6135316529179271	2.93589423851613e-105
CRIP2	0.632268215499513	8.45525517520215e-105
PLTP	-0.6214883767462701	1.16835605433146e-104
PCSK9	0.6040713236688608	2.338486810358e-104
EGLN1	0.5945485495503542	1.93807067441363e-103
DPY30	0.6040713236688608	2.7319433314826e-103
TNFRSF6B	0.6135316529179271	1.22174406819924e-102
IFNGR2	0.5945485495503542	2.89124031719097e-102
TNFRSF11B	0.6415460290875237	3.1421760839566e-102
IDUA	0.5849625007211562	7.28279088825054e-102
LAMP2	0.5945485495503542	1.09111740299115e-101
ARSA	0.5945485495503542	1.50404190572942e-101
CD5	0.5849625007211562	2.62578539334882e-101
FBP1	0.5945485495503542	2.77098473921354e-101
CCL21	0.5945485495503542	1.19632945904668e-100
AGR3	0.5849625007211562	2.35563770718805e-100
FAS	0.6229303509201767	3.16528445978635e-100
GHRL	-0.5994620704162712	3.80184683315832e-100
MATN3	-0.5777669993169522	4.01298300539569e-100
IGFBP4	0.6507645591169023	1.82812429228434e-99
MAD1L1	0.5945485495503542	2.06616635643847e-99
EPS8L2	0.6040713236688608	2.46963533773444e-99
LDLR	0.5849625007211562	2.75537805035001e-99
CD300E	0.6040713236688608	7.33318765771719e-99
OSM	0.5849625007211562	1.9188156070192e-98
SIGLEC10	0.5849625007211562	2.17608895027003e-98
LTBP3	0.5945485495503542	1.11187806262101e-97
EZR	0.5753123306874368	2.33123101767057e-97
PGF	0.6599245584023783	5.28438956968969e-97
SEMA7A	0.5849625007211562	7.60941817007486e-97
IL1R2	0.5849625007211562	3.90768184283256e-96
WFIKKN2	-0.5777669993169522	4.0965857432628e-96
UMOD	-0.5994620704162712	1.19520723628524e-95
CHI3L1	0.6040713236688608	1.68377411825178e-95
CD22	0.5753123306874368	6.75326325619716e-95
MMP7	0.5945485495503542	1.31877115335059e-94
LBP	0.5655971758542251	2.37950382212588e-94
CDH15	0.6690267655096307	3.50459163691772e-94
IL17RB	-0.5777669993169522	4.34397768793983e-94
THY1	0.5849625007211562	5.48774238826144e-94
ACP5	0.5849625007211562	5.97949564578212e-94
THBS4	0.5753123306874368	5.09823690871398e-93
PBLD	0.5655971758542251	7.16335341234093e-92
CCN4	0.5655971758542251	7.71445164743534e-92
CALCA	0.6690267655096307	6.07292324605067e-91
GALNT10	0.5753123306874368	9.19469974089023e-91
VWA1	0.5655971758542251	4.98310073434897e-90
SELPLG	0.5558161550616397	1.19700460376576e-89
SMOC1	0.5849625007211562	8.64046964138982e-89
CALB2	0.5655971758542251	2.63704827040911e-88
LILRB1	0.5558161550616397	6.34312173787041e-88
ST6GAL1	0.5558161550616397	6.37343119364422e-88
GCG	0.5558161550616397	1.13269354726648e-87
TNF	0.5558161550616397	2.2976851083412e-86
MZB1	0.5459683691052925	3.39942630766617e-86
TREM2	0.5753123306874368	5.38618418002931e-86
NPY	0.5558161550616397	1.23022416639525e-85
IL18	0.5558161550616397	1.78530378012457e-85
IL13RA1	0.5260688116675876	4.00771262211876e-85
CCL22	0.5360529002402097	1.61214516992161e-84
LGALS1	0.5558161550616397	1.80190106688054e-84
GRPEL1	0.5459683691052925	7.26082874312866e-84
SEMA3F	0.5558161550616397	8.79556628680099e-84
PAG1	0.5260688116675876	6.81603953231945e-83
PILRA	0.5459683691052925	4.89828284416642e-82
THOP1	0.5459683691052925	1.85236200313783e-81
DPT	0.5753123306874368	4.94684281614504e-81
TLR3	0.5260688116675876	9.21684615000168e-80
PLA2G1B	-0.5353317329965558	1.27206812700518e-79
AMBP	0.5558161550616397	1.59782456112376e-79
FETUB	0.5459683691052925	1.63552718583705e-79
GPR37	0.5360529002402097	2.85171857366346e-79
APBB1IP	0.5160151470036647	4.60975465707795e-79
RNASET2	0.5360529002402097	5.82083453298279e-79
GZMA	0.5160151470036647	2.76028017927013e-78
DDAH1	0.5160151470036647	5.09584197507107e-78
IFNLR1	0.5160151470036647	8.35856884563618e-78
ANGPTL4	0.5260688116675876	1.32068690195579e-77
TFF1	0.5260688116675876	3.77656981328508e-77
VMO1	0.5160151470036647	4.28536524803365e-77
CD83	0.5260688116675876	3.00044865268235e-76
ALDH3A1	0.5260688116675876	3.84530427951863e-76
IGSF8	0.5160151470036647	6.24793058810757e-76
ITGB2	0.5260688116675876	6.92201774780266e-76
SFRP1	0.5360529002402097	7.88077567702491e-76
MFAP5	0.5260688116675876	1.02724573669423e-75
CRH	-0.5145731728297583	2.20134841580249e-75
GRN	0.5058909297299573	5.12824757431207e-75
TGFB1	0.5058909297299573	1.03536638261862e-74
CD59	0.5459683691052925	2.20956645684453e-73
ANGPTL7	0.5160151470036647	5.5009180544929e-73
CDHR5	0.49569516262406876	3.94269878402384e-72
KLRB1	0.5058909297299573	5.54993433948943e-72
TNFRSF14	0.5160151470036647	8.05930912366178e-72
TGFBR2	0.5260688116675876	1.90633974073186e-71
MICB_MICA	0.49569516262406876	2.888838301194e-71
MMP12	0.5360529002402097	8.60902014415788e-71
MASP1	0.49569516262406876	1.5216156843848e-70
POLR2F	0.49569516262406876	4.73106606097493e-70
CD28	0.48542682717024166	2.0353452299886e-69
CST7	0.47508488294878265	3.41218443358234e-69
CXCL16	0.49569516262406876	4.76955359882737e-69
TMPRSS15	0.48542682717024166	1.129401447288e-68
KITLG	-0.4739311883324124	8.91958261125931e-68
SPINK4	0.49569516262406876	9.28881049687349e-68
SLAMF8	0.48542682717024166	9.71435141794412e-68
TFF2	0.49569516262406876	1.12858990626629e-67
OPTC	-0.4941090702700427	2.17451022541672e-67
ITGAV	-0.4941090702700427	4.07020882829923e-67
LILRB4	0.49569516262406876	6.28516635835899e-67
ART3	-0.5145731728297583	7.74933362135763e-67
TEK	0.47508488294878265	1.32372207711587e-66
NECTIN2	0.48542682717024166	1.33165194050623e-66
P4HB	0.47508488294878265	1.51455530752018e-66
F7	0.48542682717024166	1.80736785557587e-66
CRLF1	0.49569516262406876	2.64867433355177e-66
GLB1	0.48542682717024166	4.19695079558999e-66
MARCO	0.48542682717024166	7.54799763015716e-66
SIGLEC6	0.47508488294878265	7.68821901523753e-66
GDNF	0.48542682717024166	1.02535455613927e-65
HSPB6	0.5360529002402097	1.80403137959793e-65
FAM3C	0.5058909297299573	2.41445143300753e-65
CD27	0.48542682717024166	2.56291905135063e-65
PCDH17	0.47508488294878265	3.0272503157648e-65
ELOA	0.46466826700344427	3.6563600861904e-65
MPO	0.46466826700344427	3.78098348969815e-65
ADGRE5	0.48542682717024166	5.75536727496396e-65
CCL19	0.47508488294878265	6.87893561004414e-65
CTSB	-0.4739311883324124	1.00407286058988e-64
ESM1	-0.4739311883324124	1.17197817370035e-63
CSTB	0.47508488294878265	1.26843538695579e-63
LGMN	0.46466826700344427	2.36327553198415e-63
ITGA11	-0.4739311883324124	3.91165622251356e-63
LRP11	0.47508488294878265	4.57545151315099e-63
CLUL1	-0.4739311883324124	4.88478694464359e-63
EPO	0.46466826700344427	7.27946796588012e-63
LY96	0.46466826700344427	3.47583644046608e-62
IL16	0.46466826700344427	6.5204100494923e-62
FCRL5	0.47508488294878265	8.33694335355961e-62
CXCL13	0.46466826700344427	9.62968761178019e-62
FABP5	0.45417589318580215	1.02404607835004e-61
SERPINA12	0.46466826700344427	1.26871954846178e-61
HSPG2	0.48542682717024166	1.35821734551714e-61
PARP1	0.45417589318580215	1.74955351649576e-61
TNFSF12	-0.4540316308947075	2.63140102261004e-61
DAG1	0.45417589318580215	2.80845957484234e-61
ADAM8	0.45417589318580215	7.70585931641618e-61
VSTM2L	0.44360665147561484	1.05822716379292e-60
LIFR	0.46466826700344427	1.27500876730372e-60
CCN5	0.5058909297299573	1.46201024307059e-60
LEPR	-0.4540316308947075	2.45149480366876e-60
PILRB	0.46466826700344427	8.30509459939125e-60
LSP1	0.45417589318580215	8.33735697288376e-60
AIFM1	0.44360665147561484	1.00380460606901e-59
VEGFA	0.45417589318580215	1.03061058623466e-58
PVR	0.44360665147561484	3.21588757606742e-58
MMP9	0.44360665147561484	7.09272993069878e-58
CCL18	0.45417589318580215	7.43529028257105e-58
PLA2G7	-0.4540316308947075	1.57535865149445e-57
TCN2	0.44360665147561484	2.50039098507786e-57
CES3	0.44360665147561484	4.67237473670932e-57
APLP1	-0.4540316308947075	4.81871120341453e-57
LPO	0.43295940727610627	1.04795436435049e-56
MMP8	0.44360665147561484	1.90477614033466e-56
SERPINE1	0.43295940727610627	2.28114089476193e-56
GPKOW	0.43295940727610627	2.73677727100935e-56
NADK	0.43295940727610627	2.94899852783064e-56
ALCAM	0.46466826700344427	4.21389256705051e-56
SKAP1	0.43295940727610627	7.19864076005436e-56
OGN	0.46466826700344427	7.5912479760067e-56
GAL	-0.4344028241457749	1.03565801005989e-55
EDA2R	0.5655971758542251	1.07963789553651e-55
EPHA1	0.46466826700344427	1.8811625435949e-55
DSC2	0.45417589318580215	1.88284965362507e-55
TNFRSF4	0.45417589318580215	2.93527711208936e-55
CD8A	0.4222330006830478	7.09791489642347e-55
FASLG	-0.4540316308947075	1.33494257800815e-54
ENPP2	0.5260688116675876	2.18571678415223e-54
RELT	0.47508488294878265	2.38953135105347e-54
LBR	0.4222330006830478	2.41148458954059e-54
SPON1	0.45417589318580215	2.67821128740904e-54
CDH17	0.4222330006830478	2.83088917152821e-54
IL12RB1	0.43295940727610627	3.45847375187081e-54
CGREF1	0.43295940727610627	3.86747015172283e-54
CD34	-0.4344028241457749	8.83301378235412e-54
HYAL1	0.43295940727610627	1.01773672527631e-53
CD79B	0.43295940727610627	1.60200370656095e-53
IL1RAP	-0.4344028241457749	2.14217521891349e-53
NPTXR	-0.4344028241457749	2.77539424545578e-53
COL18A1	0.45417589318580215	4.20286330465518e-53
PON2	0.4222330006830478	5.04266593610634e-53
AMY2B	-0.4150374992788438	1.07181341776327e-52
TNFRSF13B	0.4222330006830478	1.17893348643709e-52
TNFSF13B	0.43295940727610627	2.30359316899835e-52
OMD	-0.4344028241457749	4.7030835314113e-52
DSG4	-0.4344028241457749	5.81116897133777e-52
CKAP4	0.43295940727610627	7.48408441217559e-52
SPINT1	0.41142624572646497	1.33523361138769e-50
RBKS	0.4222330006830478	1.66905265260291e-50
SRP14	0.41142624572646497	1.82409815947336e-50
ADGRE2	0.4222330006830478	1.91194266947248e-50
CD48	0.41142624572646497	2.94846279173231e-50
DSG2	-0.4150374992788438	3.63021841096076e-50
CA6	-0.4344028241457749	9.28329386442736e-50
NT5E	0.41142624572646497	1.03295479852939e-49
CD302	0.44360665147561484	1.34049347517696e-49
DLL1	0.4222330006830478	2.5060496577141e-49
FLT4	0.41142624572646497	3.18122904762304e-49
SIAE	0.41142624572646497	3.23269629564867e-49
PXN	0.41142624572646497	4.59297774097306e-49
IL18BP	0.43295940727610627	5.10629503394559e-49
ULBP2	0.41142624572646497	1.0309836197454e-48
FMNL1	0.4005379295837288	7.00846941419515e-48
CCDC80	0.44360665147561484	8.04313893246807e-48
CR2	0.4005379295837288	1.09509412729027e-47
REG4	0.4222330006830478	1.23280043284853e-47
FCER2	0.4005379295837288	1.3514878640038e-47
MOG	-0.4150374992788438	1.82880199586983e-47
SLIT2	0.4005379295837288	1.90678604700238e-47
AMY2A	-0.3959286763311392	1.95736065348667e-47
TFF3	0.43295940727610627	2.66037473499864e-47
ACVRL1	0.43295940727610627	3.97920131013751e-47
PTPRM	0.4005379295837288	5.86848588148974e-47
IL12A_IL12B	0.4005379295837288	8.83925692984738e-47
CSF3	0.4005379295837288	1.79261203303489e-46
FCAR	0.3895668117627256	1.90994854481767e-46
TFPI2	0.41142624572646497	2.59090558353759e-46
PSPN	0.5160151470036647	3.28094863268109e-46
IL12B	0.4005379295837288	3.8918343555972e-46
S100A11	0.4005379295837288	4.24464526297169e-46
CLMP	0.4222330006830478	4.98064263002639e-46
MEGF9	0.4005379295837288	6.74956417438828e-46
CHRDL2	0.41142624572646497	8.23432742671953e-46
CTSL	0.4005379295837288	8.36327535268151e-46
SERPINA9	0.4005379295837288	9.87174876243877e-46
CD300C	0.4005379295837288	1.1305286041571e-45
SMOC2	0.4222330006830478	1.24394053033027e-45
SETMAR	0.4005379295837288	1.36405786753377e-45
DKK4	0.4005379295837288	2.5534762367371e-45
CD63	0.3895668117627256	2.59264471233666e-45
TNFRSF9	0.41142624572646497	3.82851427153143e-45
TNFSF14	0.37851162325372983	4.71900316182432e-45
CLEC4D	0.3895668117627256	4.95682277957972e-45
VNN2	0.3895668117627256	5.66077914190844e-45
SLITRK2	0.3895668117627256	6.3746646763687e-45
FOLR2	0.4005379295837288	1.76740074979549e-44
SLAMF1	0.3895668117627256	1.95057242928208e-44
CDON	0.4005379295837288	2.08686082681797e-44
EFNA1	0.4005379295837288	2.68037297826082e-44
CXCL10	0.4005379295837288	5.8665379217181e-44
FCGR2A	0.3895668117627256	8.16326361902493e-44
CD109	0.3895668117627256	1.02353851905868e-43
QPCT	0.37851162325372983	1.08040885542001e-43
AGER	-0.3959286763311392	1.32415466980214e-43
FUCA1	0.37851162325372983	1.72023468130052e-43
DEFB4A_DEFB4B	0.4005379295837288	1.96894651111781e-43
STC2	0.4005379295837288	2.45547903656355e-43
SUMF2	0.37851162325372983	2.57858626649451e-43
EPHA2	0.41142624572646497	3.22592011415622e-43
TXNRD1	0.37851162325372983	3.76694221746111e-43
GFER	0.37851162325372983	6.43493937166321e-43
AOC3	0.4005379295837288	6.75837013800034e-43
QDPR	0.37851162325372983	8.6125453995925e-43
ISM1	0.3895668117627256	1.09887189106426e-42
SDC1	0.3895668117627256	2.13486121423927e-42
TIE1	0.37851162325372983	2.55477246522962e-42
APEX1	0.37851162325372983	4.05961025572169e-42
SIGLEC9	0.37851162325372983	5.17160376682918e-42
CHL1	-0.3770696490798233	5.69825202939174e-42
ANG	0.3895668117627256	5.94219108919835e-42
B4GALT1	0.37851162325372983	6.15827980959507e-42
PSIP1	0.36737106564852945	9.67511890544431e-42
XCL1	0.36737106564852945	1.03523048128126e-41
EFEMP1	0.41142624572646497	1.12287133156326e-41
OBP2B	-0.4540316308947075	1.68953214032331e-41
WIF1	-0.3770696490798233	1.83339284835145e-41
NCAM2	-0.3770696490798233	2.72083442662674e-41
ZBTB17	0.37851162325372983	3.39052059015877e-41
LRRC25	0.37851162325372983	3.92940379944994e-41
CLEC4A	-0.3770696490798233	7.20399714132724e-41
RAB6A	-0.3770696490798233	1.12856210596623e-40
CFC1	0.36737106564852945	1.75780584404161e-40
PODXL2	-0.3584539709124763	2.32825934849467e-40
NRP1	0.37851162325372983	2.37565909862716e-40
SORT1	0.36737106564852945	3.60727819488823e-40
NTRK2	0.37851162325372983	3.92629171673108e-40
IL19	0.36737106564852945	5.64326186617407e-40
LILRB2	0.36737106564852945	6.48003721640935e-40
NFATC3	0.36737106564852945	8.27679583287027e-40
RRM2	0.36737106564852945	9.02102518498006e-40
PTGDS	0.3895668117627256	1.69994737112178e-39
ENAH	0.36737106564852945	2.62216499859571e-39
SERPINB8	0.36737106564852945	3.9811176503576e-39
NUCB2	0.36737106564852945	1.05480559225936e-38
SIRPB1	0.36737106564852945	1.20768636510571e-38
PHOSPHO1	0.37851162325372983	1.69005907654008e-38
TMSB10	0.35614381022527536	5.29821916766016e-38
ARSB	0.35614381022527536	7.25626891084338e-38
LILRA2	0.36737106564852945	1.20657945393138e-37
BTN2A1	0.36737106564852945	1.23768736602887e-37
CREG1	0.35614381022527536	1.58295234821414e-37
SMPD1	0.35614381022527536	2.08942525329906e-37
NAMPT	0.34482849699744117	2.67501413905466e-37
CNTN5	-0.3770696490798233	3.93752558394887e-37
CCL4	0.35614381022527536	4.85518435450863e-37
NPPC	0.4005379295837288	1.95758529923746e-36
FCRL1	0.34482849699744117	3.06497990293621e-36
CD274	0.35614381022527536	4.56100937647329e-36
CCN3	0.37851162325372983	6.33460654343152e-36
CD38	0.4222330006830478	6.38809410689152e-36
CD6	0.34482849699744117	6.54026169766153e-36
CXCL8	0.34482849699744117	6.64860017192978e-36
PIK3IP1	0.36737106564852945	1.1225554429415e-35
NMNAT1	0.34482849699744117	1.13261397384787e-35
F11R	0.34482849699744117	1.39920660896261e-35
KRT19	0.35614381022527536	1.41514486720514e-35
CLEC6A	0.34482849699744117	2.20584381034195e-35
FCRLB	0.34482849699744117	2.2483226144789e-35
NBL1	0.35614381022527536	5.09063704216503e-35
KIT	-0.3584539709124763	5.62371631848857e-35
FGR	0.3334237337251918	7.65782783999122e-35
PTPRF	-0.3584539709124763	9.34662397518372e-35
AMIGO2	0.3334237337251918	1.06691895026409e-34
SCGB3A2	-0.3400754415976217	1.69181159104901e-34
IL17C	0.34482849699744117	1.99408353557119e-34
CHGB	-0.3400754415976217	2.22288330675557e-34
CBLN4	0.3334237337251918	2.52963563099452e-34
EGFL7	0.34482849699744117	3.20073321911074e-34
AKR1C4	0.3334237337251918	6.40868424060185e-34
CTSH	0.3334237337251918	8.21650444587534e-34
CXCL6	0.3334237337251918	1.07138014690691e-33
STX4	0.3334237337251918	1.68475763338436e-33
GGT5	0.34482849699744117	1.89532806053571e-33
OSMR	0.34482849699744117	2.25094151601128e-33
CANT1	0.3334237337251918	2.77867362222228e-33
KLRD1	0.3334237337251918	3.52876241900897e-33
PRKRA	0.3334237337251918	8.70323371500027e-33
CD164	0.3334237337251918	1.39885485040097e-32
CRELD2	0.3334237337251918	1.76484669967687e-32
ADAMTS8	-0.3219280948873623	1.92418436249302e-32
SCG3	-0.3400754415976217	2.50368325965473e-32
GPNMB	0.3334237337251918	3.69843402949696e-32
PI3	0.34482849699744117	3.94114615220065e-32
IL2RA	0.3334237337251918	5.05184296822573e-32
PLA2G2A	0.3334237337251918	5.70233158174526e-32
SPINT2	0.3334237337251918	6.88211421671646e-32
CLSTN2	0.3334237337251918	7.24430999622431e-32
LY9	0.32192809488736235	7.70450636479347e-32
PTPRS	-0.3219280948873623	1.9119367092402e-31
MILR1	0.32192809488736235	2.81209401616099e-31
SPINK1	0.3334237337251918	3.75952829921557e-31
CAPG	0.32192809488736235	5.19417035147074e-31
TFRC	0.32192809488736235	5.91512490416405e-31
CDHR1	0.3103401206121505	7.27783541065992e-31
VWF	0.32192809488736235	7.40743658412747e-31
TNFSF13	0.3334237337251918	1.00189694698317e-30
B4GAT1	-0.3219280948873623	1.18398749596578e-30
S100P	0.32192809488736235	1.51721539803949e-30
CD40	0.32192809488736235	1.685230195827e-30
CD200	-0.3219280948873623	1.68945724419316e-30
SH2D1A	0.3103401206121505	1.79988062137153e-30
MDK	0.32192809488736235	2.06455888326437e-30
ANGPTL3	-0.3400754415976217	2.07731087883091e-30
RASSF2	0.3103401206121505	2.75181111194168e-30
ST3GAL1	-0.3219280948873623	3.30792823806807e-30
SHMT1	0.3103401206121505	3.86558416032821e-30
SLAMF6	0.3103401206121505	6.05970924911742e-30
DPP7	0.3103401206121505	1.01939588421472e-29
GAS6	0.32192809488736235	1.14053659015093e-29
GZMH	0.3103401206121505	1.32534469641626e-29
OSCAR	0.3103401206121505	1.34439260065754e-29
IL1RL1	0.3334237337251918	1.40619482335737e-29
DDR1	0.32192809488736235	1.79513580950023e-29
BTN3A2	0.3103401206121505	1.93144447505191e-29
CD244	0.3103401206121505	2.76686175185081e-29
LIF	0.3103401206121505	4.32252476668412e-29
OMG	-0.3040061868900999	6.83387024218055e-29
IL6ST	0.3103401206121505	6.95501417197327e-29
FLRT2	0.3103401206121505	7.1416561900937e-29
NOS1	0.3334237337251918	8.82007138526028e-29
NBN	0.3103401206121505	1.09692287464065e-28
CPE	-0.3040061868900999	1.16480218472229e-28
PTN	0.32192809488736235	1.22347171742413e-28
OLR1	0.3103401206121505	1.33532999790532e-28
CRISP2	-0.3400754415976217	3.06007346196503e-28
SLAMF7	0.29865831556451516	3.07238461796694e-28
CTSC	0.3103401206121505	3.4467763435827e-28
MATN2	0.3103401206121505	4.29766185989659e-28
MB	0.34482849699744117	6.77567803463516e-28
SPINK6	0.3103401206121505	7.13475465706095e-28
BMP6	0.29865831556451516	1.29868488075229e-27
TGFBI	0.29865831556451516	2.31685391560681e-27
CTRC	-0.3040061868900999	2.49717831636747e-27
SCAMP3	0.29865831556451516	5.43934706107429e-27
TMPRSS5	-0.3040061868900999	6.04763200126445e-27
FUS	0.29865831556451516	7.27702257844143e-27
IL7R	-0.3040061868900999	7.53093009468127e-27
GCNT1	0.29865831556451516	8.34385229689534e-27
ADAMTS13	0.29865831556451516	9.06212957812088e-27
ENTPD2	0.29865831556451516	1.02672513565521e-26
CD300LG	-0.3040061868900999	1.37004489416336e-26
CCN1	0.29865831556451516	1.54464797381477e-26
CCL5	0.28688114778816154	1.7344136741982e-26
ADA	0.29865831556451516	1.90622486836004e-26
CLEC7A	0.29865831556451516	1.9511127080434e-26
FOLR3	0.28688114778816154	2.02167146084944e-26
CD46	0.29865831556451516	2.9349106240466e-26
GH1	-0.3040061868900999	3.32055272085488e-26
TIMP3	0.28688114778816154	3.80333888177194e-26
TIMD4	0.29865831556451516	3.91754884282757e-26
FLT3LG	0.29865831556451516	5.20477185700328e-26
ITGAM	0.29865831556451516	5.51160029066796e-26
SLC16A1	0.28688114778816154	6.07660376287824e-26
IL5RA	0.28688114778816154	6.51432439797841e-26
ALPP	0.29865831556451516	6.8227244206771e-26
BSG	0.29865831556451516	9.43834601859915e-26
PECAM1	0.28688114778816154	1.01500837247895e-25
ANXA10	0.29865831556451516	1.04566728770885e-25
RCOR1	0.28688114778816154	1.13033045751932e-25
IQGAP2	0.28688114778816154	1.27412865214396e-25
VCAM1	0.29865831556451516	1.30739816337776e-25
GLO1	0.28688114778816154	1.39113520041572e-25
EIF4EBP1	0.28688114778816154	1.48036774746915e-25
NCAM1	-0.2863041851566411	3.11179861714637e-25
LRPAP1	0.28688114778816154	3.40635102672719e-25
CXCL5	0.28688114778816154	3.54308145807835e-25
NME3	-0.2863041851566411	3.82021482142895e-25
LAG3	0.29865831556451516	5.44210679809008e-25
NUDT5	0.28688114778816154	5.57875947501483e-25
CEACAM21	0.28688114778816154	5.64608236234191e-25
WFDC2	0.32192809488736235	6.68542991648058e-25
PTH1R	0.28688114778816154	7.07265399813604e-25
WARS	0.28688114778816154	1.0021567702289e-24
CLEC4G	0.28688114778816154	1.09520544481234e-24
XG	0.35614381022527536	1.1263883801413e-24
TNFRSF10C	0.28688114778816154	1.22205299943448e-24
RNASE3	0.27500704749986976	1.53296830376538e-24
NID1	0.28688114778816154	1.63114398490397e-24
LYPD8	0.27500704749986976	1.72237382089532e-24
NPDC1	0.29865831556451516	1.84764993080686e-24
SOST	0.29865831556451516	2.18804256195719e-24
CRTAC1	-0.2863041851566411	2.23608440819378e-24
ANPEP	0.28688114778816154	2.75711304703333e-24
CEBPB	0.27500704749986976	2.83268249002079e-24
GALNT3	0.27500704749986976	3.50710390588474e-24
LRIG1	0.27500704749986976	4.07806952397266e-24
CA12	0.28688114778816154	4.65001166498089e-24
FKBP4	0.27500704749986976	6.29575461719699e-24
PDCD5	0.27500704749986976	6.43214501708395e-24
CD276	0.28688114778816154	6.58594117354756e-24
VWC2	0.28688114778816154	1.20983265353779e-23
LPCAT2	0.27500704749986976	1.22500927514986e-23
BCAM	0.27500704749986976	1.64972847517344e-23
ABL1	0.27500704749986976	2.40467503363507e-23
CEACAM8	0.27500704749986976	2.59516947286945e-23
PRDX3	0.27500704749986976	2.63702049566734e-23
SLC39A5	0.28688114778816154	3.53755169913901e-23
SELP	0.27500704749986976	5.41235658411772e-23
EIF4G1	0.2630344058337938	9.40162833273463e-23
SEZ6L	-0.2863041851566411	9.56694282594498e-23
PRTN3	0.2630344058337938	9.6973919878004e-23
CPVL	0.2630344058337938	1.17792315246501e-22
PDCD1	0.27500704749986976	1.2710360397273e-22
CD99L2	0.27500704749986976	1.55741766642927e-22
TCL1A	0.2630344058337938	1.64613600102545e-22
IL1R1	0.27500704749986976	1.87682785850776e-22
NELL1	-0.2688167584278	1.96838979730982e-22
CDKN1A	0.2630344058337938	2.11682904595108e-22
AGR2	0.27500704749986976	3.30180041763485e-22
CCL14	0.27500704749986976	3.33992199283779e-22
RBP2	0.27500704749986976	7.23225030833791e-22
ERP44	0.2630344058337938	7.82201273025897e-22
DBI	0.2630344058337938	7.93796699643239e-22
AZU1	0.2630344058337938	8.7448587278327e-22
DPP10	0.2630344058337938	9.2292382973005e-22
TNFRSF13C	0.2630344058337938	9.57712247198962e-22
CXCL17	0.29865831556451516	1.0407690637727e-21
PDGFC	0.2630344058337938	1.06875181078458e-21
CRIM1	0.27500704749986976	1.27082917912147e-21
CXADR	0.2630344058337938	1.46715640885233e-21
TRIAP1	0.2630344058337938	1.75340138981481e-21
CBLIF	0.2630344058337938	1.8826194900948e-21
CHRDL1	0.29865831556451516	1.95660013286936e-21
SLC27A4	0.2630344058337938	1.99257908430827e-21
CRNN	-0.2688167584278	2.45813219304232e-21
CSF2RA	0.2630344058337938	3.58488240197242e-21
CEACAM5	0.2630344058337938	3.6091269666941e-21
CPPED1	0.2630344058337938	4.02178913118285e-21
SIGLEC5	0.2630344058337938	4.44215110727353e-21
TXNDC5	0.2630344058337938	5.18231760452985e-21
DLK1	0.2630344058337938	6.3706482843034e-21
LAP3	0.25096157353321874	8.79699378314188e-21
NFKBIE	0.25096157353321874	1.06921735576388e-20
CXCL11	0.2630344058337938	1.31041037385944e-20
HSPA1A	0.25096157353321874	1.36883879299437e-20
DKK1	0.25096157353321874	1.65414813711883e-20
TXLNA	0.25096157353321874	1.78829599907848e-20
CEP20	0.25096157353321874	2.16773323512677e-20
DCBLD2	0.2630344058337938	2.71539022016944e-20
DNMBP	0.25096157353321874	2.75717663993968e-20
SMAD5	0.2630344058337938	3.03627905760368e-20
MCAM	-0.2688167584278	3.09344431249342e-20
VCAN	-0.25153876699596445	3.11267144037756e-20
SLC39A14	-0.25153876699596445	3.1913753728626e-20
KLB	-0.25153876699596445	5.91488546355885e-20
TDRKH	0.25096157353321874	6.07887592956382e-20
CD200R1	0.25096157353321874	1.29550915887499e-19
TIGAR	0.25096157353321874	1.81510567325926e-19
RETN	0.25096157353321874	1.88115471478238e-19
PRDX6	-0.25153876699596445	2.05802547795225e-19
PSME2	0.25096157353321874	2.56073249971577e-19
HEXIM1	0.25096157353321874	2.70846321299368e-19
PROK1	0.3334237337251918	2.82126395819864e-19
TAFA5	0.25096157353321874	2.87884246008732e-19
CST6	-0.25153876699596445	4.10500451544112e-19
SCARF1	0.25096157353321874	4.48678455266672e-19
ENTPD6	0.23878685958711648	7.40873188780157e-19
ITGB7	0.23878685958711648	8.48382656608894e-19
KEL	0.25096157353321874	1.10101363175559e-18
TGFBR3	-0.25153876699596445	1.61239809318482e-18
HMOX2	0.23878685958711648	1.70331456082235e-18
NOTCH3	-0.25153876699596445	1.96013082043266e-18
BID	0.23878685958711648	2.02805537720563e-18
NDUFS6	0.23878685958711648	2.16266979577493e-18
ICAM4	-0.23446525363702297	2.29735574956725e-18
PEBP1	0.23878685958711648	2.85048113650181e-18
IGFBP6	0.28688114778816154	2.87335523004561e-18
VAT1	-0.23446525363702297	3.66358494695662e-18
ODAM	-0.23446525363702297	4.27724487927727e-18
HLA	0.23878685958711648	4.41623024290203e-18
KIRREL2	-0.23446525363702297	5.00934662088196e-18
PREB	0.23878685958711648	5.10419068073767e-18
VAMP5	0.23878685958711648	7.15045550910236e-18
PLIN3	0.23878685958711648	8.23867617719301e-18
COX5B	0.23878685958711648	8.25650969083399e-18
PDCD1LG2	0.23878685958711648	9.39734528396229e-18
PSME1	0.23878685958711648	1.01612323381917e-17
ENTPD5	-0.23446525363702297	1.04499771970822e-17
SMAD1	0.23878685958711648	1.09093538141325e-17
LGALS3	0.25096157353321874	1.23205175370687e-17
HPGDS	-0.23446525363702297	1.24059301586954e-17
DNER	-0.23446525363702297	1.27959574504947e-17
FGF19	-0.23446525363702297	1.47258189397108e-17
CD2AP	0.23878685958711648	1.64379933006693e-17
BPIFB1	-0.23446525363702297	2.07902646470294e-17
GNLY	0.22650852980867975	2.39215471383093e-17
CCL13	0.23878685958711648	2.70958966468556e-17
IPCEF1	0.22650852980867975	2.92312164880658e-17
JAM2	0.23878685958711648	3.48737076019272e-17
CC2D1A	0.22650852980867975	3.90430690989121e-17
NCF2	0.22650852980867975	4.43972463043329e-17
LTBR	0.23878685958711648	5.16355689419718e-17
LRRN1	-0.23446525363702297	5.95246788564443e-17
NOTCH1	0.22650852980867975	6.39458505925049e-17
HBEGF	0.22650852980867975	7.26512293320348e-17
SRPK2	0.22650852980867975	7.84844939277831e-17
FCRL6	0.22650852980867975	8.86917148493907e-17
LAMP3	0.23878685958711648	1.09718530070887e-16
CEACAM1	0.22650852980867975	1.35851087261007e-16
ICAM3	0.22650852980867975	1.42320758340502e-16
PQBP1	0.22650852980867975	1.44123623025622e-16
LAT	0.22650852980867975	1.52322634222797e-16
PCDH1	0.23878685958711648	1.63134335894333e-16
PSRC1	0.22650852980867975	2.1454375747834e-16
ENPP5	-0.23446525363702297	2.5844356028805e-16
CCL11	0.23878685958711648	3.6970152750474e-16
AXL	0.22650852980867975	5.14117379974865e-16
LAMA4	0.22650852980867975	6.70822831806373e-16
BST1	0.22650852980867975	7.81888714432087e-16
DEFA1_DEFA1B	0.22650852980867975	8.66970342412e-16
CCL25	0.22650852980867975	8.88406795133502e-16
VSIR	0.22650852980867975	9.09404608901823e-16
LAIR2	0.22650852980867975	9.29380132305825e-16
IL15	0.21412480535284734	1.20379903403031e-15
PTPRN2	-0.21759143507262677	1.43298072001737e-15
PDGFRA	0.22650852980867975	1.58272790703619e-15
STX8	0.21412480535284734	1.79426120943902e-15
ROBO2	0.22650852980867975	2.55287227288215e-15
CLPP	0.21412480535284734	2.76259382486106e-15
CD1C	-0.21759143507262677	3.24830078470842e-15
PROC	0.21412480535284734	3.32482943732058e-15
ICOSLG	-0.21759143507262677	3.37519352269747e-15
REG1A	0.22650852980867975	3.74235006341822e-15
DNAJB1	0.21412480535284734	5.09824535542754e-15
HS6ST1	0.21412480535284734	5.79554058535875e-15
MLN	0.22650852980867975	8.7883983247544e-15
ERBB3	0.21412480535284734	9.52371670723171e-15
EREG	0.21412480535284734	1.01688272640085e-14
IL4R	0.21412480535284734	1.04345288394744e-14
AGRP	0.21412480535284734	1.43941166670927e-14
NRP2	0.21412480535284734	1.49437864931988e-14
YTHDF3	0.21412480535284734	1.63184175705006e-14
WWP2	0.21412480535284734	1.891278515642e-14
DNAJA2	0.21412480535284734	2.04424967389222e-14
KLK14	-0.21759143507262677	2.22817566122701e-14
TYMP	0.21412480535284734	2.28178375409526e-14
PADI2	0.21412480535284734	2.57808302307242e-14
CLEC1B	0.2016338611696504	2.98911920440773e-14
CD207	0.21412480535284734	3.12893625921589e-14
EPHX2	0.2016338611696504	3.41343133240939e-14
IDS	-0.2009126939259964	3.63962398980634e-14
ADAMTS16	0.22650852980867975	4.10482199274238e-14
RTBDN	-0.21759143507262677	4.47530467191939e-14
LRP1	-0.21759143507262677	4.55862016886985e-14
F3	-0.21759143507262677	5.08941781145201e-14
REG1B	0.21412480535284734	5.2677498786744e-14
PTPN1	0.2016338611696504	5.95423843250946e-14
FABP9	-0.21759143507262677	6.17977264306924e-14
METAP2	0.2016338611696504	6.46693833218624e-14
F2R	0.2016338611696504	6.84277196454312e-14
SNAP29	0.2016338611696504	7.01233915477811e-14
BCL2L11	0.2016338611696504	1.36966095576575e-13
SOD1	0.2016338611696504	1.37727762273952e-13
FCGR2B	0.2016338611696504	1.50279252212755e-13
ATOX1	0.2016338611696504	1.71288922292829e-13
LILRB5	0.2016338611696504	1.85681149885103e-13
FYB1	0.2016338611696504	1.85947920555523e-13
CD33	0.2016338611696504	1.94263253976859e-13
TYRO3	0.2016338611696504	2.03805635351118e-13
PSMG3	0.2016338611696504	2.11744027400522e-13
LAT2	0.2016338611696504	2.17584431323748e-13
AMBN	-0.2009126939259964	2.1919009819959e-13
LTA	0.2016338611696504	2.69802220078173e-13
LCN2	0.2016338611696504	3.06801120697346e-13
AHCY	0.2016338611696504	3.14793730670645e-13
KLK6	-0.2009126939259964	3.6355967059309e-13
CLEC11A	0.2016338611696504	4.07509477668098e-13
CD160	0.2016338611696504	4.60403052975338e-13
CEP43	0.2016338611696504	4.99690491117094e-13
MNDA	0.2016338611696504	5.05144084856451e-13
TBC1D17	0.2016338611696504	5.48637989979343e-13
PPCDC	0.2016338611696504	5.69375819876899e-13
KDR	0.2016338611696504	6.41115672726966e-13
STK11	0.2016338611696504	6.69299834154537e-13
JUN	0.2016338611696504	7.81579918717211e-13
NID2	0.18903382439001687	8.21223504095009e-13
CX3CL1	-0.2009126939259964	8.39159381342833e-13
CD14	0.2016338611696504	9.43164944254313e-13
STIP1	0.18903382439001687	1.11598601673388e-12
WNT9A	-0.21759143507262677	1.13097983944685e-12
TARBP2	0.18903382439001687	1.29776210685008e-12
AMN	0.18903382439001687	1.3303997268956e-12
FEN1	0.18903382439001687	1.44264574979394e-12
CD58	-0.2009126939259964	1.52407152124111e-12
RNF41	0.18903382439001687	1.61032776984172e-12
DPP6	0.2016338611696504	1.63241412503001e-12
PPP3R1	0.2016338611696504	1.72978395329428e-12
CD70	0.2016338611696504	1.77088585721781e-12
APP	0.18903382439001687	2.30701171605328e-12
CCL17	0.18903382439001687	2.39443904248114e-12
IL17RA	0.18903382439001687	2.45892316375065e-12
TP53	0.18903382439001687	2.46989189770797e-12
AMFR	0.18903382439001687	3.05204760051147e-12
PPP1R9B	0.18903382439001687	3.44999204849821e-12
ATP6AP2	0.18903382439001687	3.62443845125717e-12
LGALS8	0.18903382439001687	3.80229270655483e-12
SIRPA	0.18903382439001687	3.84585096487547e-12
SOD2	0.2016338611696504	4.03959077499706e-12
NAAA	-0.18442457113742744	5.19713681448203e-12
STX6	0.18903382439001687	5.2505148492369e-12
THBD	0.2016338611696504	6.44882140231489e-12
FAM3B	0.18903382439001687	6.98094378677315e-12
PTK7	0.18903382439001687	7.42429159018723e-12
IDI2	0.18903382439001687	8.64677486779045e-12
MERTK	0.2016338611696504	1.16406092601886e-11
FUT3_FUT5	0.18903382439001687	1.25612812310279e-11
HNRNPK	0.18903382439001687	1.49497803423177e-11
IGF1R	0.18903382439001687	1.66958971972198e-11
IL17A	0.18903382439001687	1.69507337732153e-11
CDC27	0.18903382439001687	1.71530259824216e-11
USP8	0.18903382439001687	1.79249861348495e-11
CPA2	0.18903382439001687	1.89960426776154e-11
SPARC	0.17632277264046287	2.2215115493994e-11
DECR1	0.17632277264046287	2.48180997677972e-11
SORCS2	0.2016338611696504	2.6385767713785e-11
PDGFB	0.17632277264046287	2.69987175410521e-11
VEGFC	0.17632277264046287	2.87505090824262e-11
ANXA5	0.18903382439001687	3.16896927409327e-11
IFNL1	0.17632277264046287	3.53279318690883e-11
FCRL2	0.17632277264046287	3.81889577368627e-11
IL10	0.17632277264046287	4.13423800595415e-11
FCN2	0.17632277264046287	4.50067817677685e-11
NCR1	0.18903382439001687	4.54750395882488e-11
YES1	0.17632277264046287	5.796039546366e-11
DFFA	0.17632277264046287	6.32546868876206e-11
GALNT7	0.17632277264046287	6.87861477969174e-11
MMP1	0.17632277264046287	8.24200980304344e-11
NXPH1	-0.18442457113742744	8.60342301487824e-11
IL15RA	0.17632277264046287	8.91111528097502e-11
NSFL1C	0.17632277264046287	9.1124014312279e-11
PGLYRP1	0.17632277264046287	9.71945194931924e-11
EBAG9	0.17632277264046287	1.07159818103592e-10
USO1	0.17632277264046287	1.15057711747612e-10
METAP1D	0.17632277264046287	1.20628271357235e-10
DKK3	-0.18442457113742744	1.21658778829727e-10
RARRES1	0.17632277264046287	1.42804730659905e-10
HCLS1	0.17632277264046287	1.42876264978349e-10
RRM2B	0.17632277264046287	1.54763426756798e-10
IL1B	0.17632277264046287	1.71862442253215e-10
CKMT1A_CKMT1B	0.17632277264046287	1.7296506131935e-10
LYN	0.17632277264046287	2.1583918000926e-10
XRCC4	0.17632277264046287	2.25777820902292e-10
MEPE	-0.18442457113742744	2.42226916532672e-10
PPP1R12A	0.17632277264046287	2.61851003000431e-10
AKT1S1	0.17632277264046287	3.07195967401029e-10
GLRX	0.17632277264046287	3.07347695686333e-10
CAMKK1	0.17632277264046287	3.14810351905218e-10
RILP	0.17632277264046287	4.13848741329153e-10
ROR1	-0.18442457113742744	4.14095776140176e-10
TXNDC15	0.17632277264046287	4.52580900723674e-10
MSTN	0.18903382439001687	4.86992785607956e-10
FLI1	0.16349873228287956	4.89469534971977e-10
CXCL12	-0.16812275880832692	5.02199218214435e-10
EPHB4	0.17632277264046287	5.14981055544046e-10
NUDC	0.16349873228287956	5.30338054030701e-10
DNPH1	0.17632277264046287	5.57201537699544e-10
CPXM1	0.16349873228287956	5.67622578996537e-10
TNC	-0.16812275880832692	6.42719910798224e-10
ILKAP	0.16349873228287956	7.16718050980228e-10
CELA3A	-0.16812275880832692	7.57332106292426e-10
CA3	0.17632277264046287	7.64506114598253e-10
SCGB1A1	-0.16812275880832692	9.23769719658408e-10
NCS1	0.18903382439001687	9.6535521183576e-10
CASP1	0.16349873228287956	1.0548358092886e-09
CEP85	0.16349873228287956	1.06068382919413e-09
GPC5	-0.16812275880832692	1.06208552988287e-09
CXCL9	0.18903382439001687	1.17004069299018e-09
MIF	0.16349873228287956	1.17063355520343e-09
CIAPIN1	0.16349873228287956	1.25295532253138e-09
PLXNB3	0.16349873228287956	1.39656053878583e-09
VPS37A	0.16349873228287956	1.7844324005594e-09
MIA	-0.16812275880832692	1.80176240140957e-09
COMT	0.16349873228287956	1.82389188477051e-09
CDH6	0.16349873228287956	2.28072361551837e-09
IL3RA	0.16349873228287956	2.73274724999014e-09
PARK7	0.16349873228287956	2.87081870080091e-09
EGFR	-0.16812275880832692	2.98507755283765e-09
TSPAN1	0.17632277264046287	3.02291211616506e-09
L1CAM	0.16349873228287956	3.0277851824945e-09
PDGFA	0.16349873228287956	3.09010995375506e-09
ACOX1	0.16349873228287956	4.61213825872715e-09
FXN	0.16349873228287956	5.00061613274105e-09
CORO1A	0.16349873228287956	5.0325433232462e-09
BAG3	0.16349873228287956	5.42274881518713e-09
CXCL1	0.16349873228287956	5.54308248015186e-09
SPINK5	-0.16812275880832692	5.77119494448464e-09
DDX58	0.16349873228287956	5.82716051493512e-09
ING1	0.16349873228287956	6.36085713680287e-09
MMP13	-0.15200309344504995	6.3971368196595e-09
GFAP	-0.16812275880832692	6.46256384864607e-09
SEZ6L2	-0.18442457113742744	6.75666918328409e-09
VPS53	0.16349873228287956	6.96192493332259e-09
FABP2	0.16349873228287956	9.50657386466442e-09
SNAP23	0.15055967657538138	1.2458344328599e-08
CALB1	-0.15200309344504995	1.31804625367212e-08
COL1A1	-0.15200309344504995	1.403278256727e-08
CETN2	0.15055967657538138	1.41450943387104e-08
KYAT1	0.15055967657538138	1.45094174202235e-08
DPEP1	-0.15200309344504995	1.49040593856288e-08
COL9A1	-0.15200309344504995	1.50160611217106e-08
ANGPT1	0.15055967657538138	1.59150822364063e-08
BANK1	0.15055967657538138	1.61009186512268e-08
PLXNA4	0.15055967657538138	1.67276765877859e-08
CCN2	0.15055967657538138	1.67938417459221e-08
BACH1	0.15055967657538138	1.71962474674065e-08
RABGAP1L	0.15055967657538138	1.89429078504759e-08
CNST	0.15055967657538138	2.08174939436192e-08
TANK	0.15055967657538138	2.14150120851786e-08
BCR	0.15055967657538138	2.14542070546765e-08
IRAK1	0.15055967657538138	2.2111763002353e-08
CD300LF	0.15055967657538138	2.24914830098394e-08
HSPB1	0.15055967657538138	2.37193712490143e-08
TREML2	0.15055967657538138	2.41432490961115e-08
PPP1R2	0.15055967657538138	2.96576646586382e-08
LAYN	0.16349873228287956	3.59069528927827e-08
CCL26	0.15055967657538138	3.8747132765594e-08
SLITRK6	-0.15200309344504995	4.08192716362511e-08
HS3ST3B1	0.15055967657538138	4.09449886104932e-08
SKAP2	0.15055967657538138	4.42693501128136e-08
S100A12	0.15055967657538138	4.75180970648556e-08
CCL8	0.15055967657538138	4.82434982653772e-08
CLIP2	0.15055967657538138	4.95378506419956e-08
PRKAB1	0.15055967657538138	4.96301758061913e-08
ACTA2	0.17632277264046287	5.01347901616039e-08
KIFBP	0.15055967657538138	6.00217955489334e-08
SIRT2	0.15055967657538138	6.05899588664462e-08
DRAXIN	0.15055967657538138	6.27920712579082e-08
SNX9	0.15055967657538138	6.52256004277079e-08
RWDD1	0.15055967657538138	6.52329923715679e-08
APOH	0.15055967657538138	7.26406074761024e-08
PAK4	0.15055967657538138	7.64474886827977e-08
TNFSF11	-0.15200309344504995	1.05081828484452e-07
HBQ1	-0.15200309344504995	1.06388446984231e-07
EIF4B	0.15055967657538138	1.06966404523865e-07
GFRA3	-0.15200309344504995	1.1007204154933e-07
TINAGL1	0.15055967657538138	1.1393940045491e-07
MPHOSPH8	0.13750352374993502	1.23732078975411e-07
CA2	0.15055967657538138	1.30139235856876e-07
CASP10	0.13750352374993502	1.34951174448134e-07
MDGA1	0.15055967657538138	1.37398439198652e-07
LACTB2	0.13750352374993502	1.45566409487787e-07
CNTN2	0.15055967657538138	1.53962859468807e-07
CNTN4	0.15055967657538138	1.60282730147989e-07
ATP5IF1	0.13750352374993502	1.6283555718829e-07
ANXA3	0.13750352374993502	1.71191364287175e-07
CD177	0.13750352374993502	1.79567962051775e-07
INPPL1	0.13750352374993502	1.79768590441838e-07
MAX	0.13750352374993502	1.81527335155706e-07
MSRA	0.13750352374993502	1.92614594784105e-07
TFPI	0.15055967657538138	1.97849852973558e-07
SCG2	0.13750352374993502	2.71901939838612e-07
ESAM	0.15055967657538138	3.25678252962607e-07
SAMD9L	0.13750352374993502	3.50845956053313e-07
PADI4	0.13750352374993502	3.81634006874425e-07
FLT3	-0.13606154957602837	3.90579031804415e-07
ARHGEF12	0.13750352374993502	3.97839800646732e-07
GLOD4	0.13750352374993502	4.55339709382683e-07
DKKL1	-0.13606154957602837	4.76213615837273e-07
HARS1	0.13750352374993502	5.38115909118493e-07
ERBIN	0.13750352374993502	5.87378714375157e-07
MEP1B	0.13750352374993502	6.35551494495346e-07
XPNPEP2	-0.13606154957602837	6.65655590890675e-07
FAP	0.13750352374993502	6.7643315261237e-07
BAX	0.13750352374993502	6.9213893676615e-07
DAB2	0.13750352374993502	6.95074490459007e-07
MEGF10	-0.13606154957602837	6.96173266425774e-07
AXIN1	0.13750352374993502	7.00500319192905e-07
TBC1D5	0.13750352374993502	7.66763682163956e-07
WFDC12	0.15055967657538138	7.7765092314533e-07
SEMA4D	0.13750352374993502	8.55394955984274e-07
TPSAB1	0.13750352374993502	9.21027004788479e-07
AHSP	0.13750352374993502	9.55878048541011e-07
VEGFD	-0.13606154957602837	1.05685608168361e-06
DCTN1	0.13750352374993502	1.06072152899848e-06
IKBKG	0.13750352374993502	1.11120064546078e-06
HTRA2	0.13750352374993502	1.19061168256868e-06
CD69	0.13750352374993502	1.3124959313579e-06
CASP2	0.13750352374993502	1.32090444904821e-06
CLTA	0.13750352374993502	1.34297320286981e-06
MPI	0.13750352374993502	1.56964374625064e-06
CNPY4	0.13750352374993502	1.62000186115665e-06
EGF	0.12432813500220177	1.62900111757318e-06
TIA1	0.12432813500220177	1.90124833258005e-06
C2CD2L	0.12432813500220177	2.04255385084586e-06
FCRL3	0.12432813500220177	2.09684395262227e-06
MAPK9	0.12432813500220177	2.37732038515158e-06
RGMA	-0.13606154957602837	2.43529786898993e-06
DOK2	0.12432813500220177	2.54158678228692e-06
MCFD2	0.12432813500220177	2.57244032469819e-06
CCT5	0.12432813500220177	2.6831565411403e-06
CLPS	-0.13606154957602837	2.83737595393193e-06
STX16	0.12432813500220177	2.85837899944667e-06
CRACR2A	0.12432813500220177	2.97503149188618e-06
TNNI3	0.12432813500220177	3.04106034881247e-06
IL1RL2	0.13750352374993502	3.20334204578405e-06
STAMBP	0.12432813500220177	3.22331507212367e-06
NUDT2	-0.12029423371771177	3.61072111793055e-06
IL32	-0.13606154957602837	3.73124682721368e-06
AARSD1	0.12432813500220177	3.99576405132031e-06
AIF1	0.12432813500220177	4.2714536768913e-06
CLEC10A	0.12432813500220177	4.31711887189361e-06
UXS1	0.12432813500220177	4.46730731717839e-06
ICAM2	0.12432813500220177	4.71277353832224e-06
PDCD6	0.12432813500220177	4.79763949312677e-06
REG3A	0.12432813500220177	4.84934479597481e-06
HGS	0.12432813500220177	6.24471490491019e-06
BLVRB	0.12432813500220177	6.73803103444234e-06
MESD	0.12432813500220177	6.97236283886319e-06
BAMBI	0.12432813500220177	7.31284957001033e-06
FUT8	0.12432813500220177	7.67051222772853e-06
LYPD3	0.12432813500220177	7.6825131054487e-06
TRIM5	0.12432813500220177	7.88037307174512e-06
ZBTB16	0.12432813500220177	8.83576090384101e-06
IRAG2	0.12432813500220177	8.840705607976e-06
GP1BA	-0.12029423371771177	9.20845313213749e-06
MMP3	-0.15200309344504995	9.26011826463089e-06
MYOC	-0.12029423371771177	9.71180614248475e-06
S100A4	0.12432813500220177	9.98935394570586e-06
VASH1	0.12432813500220177	1.04213663397239e-05
PDLIM7	0.12432813500220177	1.1837214394836e-05
PPIB	0.12432813500220177	1.36483540703948e-05
KRT5	-0.12029423371771177	1.38498956909118e-05
DCTN6	0.12432813500220177	1.41965487198355e-05
PRKAR1A	0.12432813500220177	1.42885843939786e-05
PLAU	0.12432813500220177	1.53780223505931e-05
CERT	0.12432813500220177	1.58288301497659e-05
LHPP	0.12432813500220177	1.6065545823276e-05
ARHGAP1	-0.12029423371771177	1.67903263726389e-05
COL4A1	-0.12029423371771177	1.8593738710247e-05
CRTAM	0.12432813500220177	1.94260581273665e-05
BMP4	0.12432813500220177	2.07428292811395e-05
GNE	0.11103131238874395	2.14299019257634e-05
IRAK4	0.11103131238874395	2.14363950878384e-05
PPY	0.12432813500220177	2.17524103742853e-05
STK24	0.11103131238874395	2.26171522640912e-05
IL10RA	0.11103131238874395	2.28146836937039e-05
MITD1	0.11103131238874395	2.29007872446625e-05
MYO9B	0.11103131238874395	2.3080333793203e-05
AKR1B1	0.11103131238874395	2.41144239407554e-05
MANF	0.11103131238874395	2.57776394779921e-05
FIS1	0.11103131238874395	2.79098639925358e-05
SMPDL3A	-0.12029423371771177	3.02993587415981e-05
CLEC14A	0.12432813500220177	3.08922286655532e-05
BAG6	0.11103131238874395	3.11647644228408e-05
KLK1	-0.12029423371771177	3.12083250279687e-05
TBC1D23	0.11103131238874395	3.33033583280387e-05
CD40LG	0.11103131238874395	3.69475441017813e-05
NUB1	0.11103131238874395	3.81069825431135e-05
ENO1	0.11103131238874395	4.01930760962177e-05
CD99	0.13750352374993502	4.11184976113513e-05
IFNG	0.11103131238874395	4.1459588290167e-05
ARHGAP25	0.11103131238874395	4.15228175219446e-05
NCK2	0.11103131238874395	4.54424074008586e-05
TRIM21	0.11103131238874395	4.66857586214142e-05
PFKFB2	0.11103131238874395	4.84837750838809e-05
WASF1	0.11103131238874395	4.90006253582711e-05
TJAP1	0.11103131238874395	5.02462019436152e-05
HPCAL1	0.11103131238874395	5.67227625527773e-05
PDGFRB	0.11103131238874395	6.07127810584224e-05
SERPINB1	0.11103131238874395	6.10172317932811e-05
PLA2G10	-0.12029423371771177	6.11543019220015e-05
GP2	-0.12029423371771177	6.32871472075974e-05
ATP6V1F	0.11103131238874395	6.50961495753915e-05
KLK8	0.11103131238874395	7.02464422933159e-05
TNFSF10	-0.10469737866669324	8.01466110706818e-05
ANKRD54	0.11103131238874395	8.35738720647276e-05
TNFRSF8	0.11103131238874395	8.8312751158484e-05
SCP2	0.11103131238874395	8.83951432797693e-05
GOPC	0.11103131238874395	9.02456889960573e-05
AK1	0.11103131238874395	9.27131372175389e-05
MRPL46	0.11103131238874395	9.76982209943305e-05
SUSD1	0.11103131238874395	9.94121462813824e-05
RP2	0.11103131238874395	0.000100764040868345
CCL2	0.11103131238874395	0.000105072499984026
FXYD5	0.11103131238874395	0.000111144348886565
TNFRSF21	0.11103131238874395	0.00011746836836632
CHAC2	0.11103131238874395	0.000117605977381462
DBNL	0.11103131238874395	0.00012224945240062
MAVS	0.11103131238874395	0.000127950717985096
GSTP1	-0.10469737866669324	0.000129644820682003
CNDP1	0.11103131238874395	0.000130829948482271
CLC	0.11103131238874395	0.000139933572567777
NECTIN4	0.11103131238874395	0.000146367389983307
CXCL14	-0.12029423371771177	0.000150251906383492
TBCC	0.09761079662642233	0.000153522625701032
RANGAP1	-0.10469737866669324	0.000165789432396846
ATG4A	0.09761079662642233	0.00017565300307817
CRKL	0.09761079662642233	0.000188259916873382
GUCA2A	-0.10469737866669324	0.000193916373634527
NFATC1	0.09761079662642233	0.000194151093727037
EPCAM	-0.10469737866669324	0.000199610411448771
GBP4	0.09761079662642233	0.000201762861961924
NRTN	0.09761079662642233	0.000219335141245748
DDC	-0.10469737866669324	0.000229402916011612
MAP4K5	0.09761079662642233	0.00023353725644469
CD93	-0.10469737866669324	0.000248650760313648
PRL	-0.10469737866669324	0.000273784249389468
PODXL	-0.10469737866669324	0.000335786915876555
GRAP2	0.09761079662642233	0.000358846210092973
FKBP7	0.09761079662642233	0.000391178759791029
SPARCL1	-0.10469737866669324	0.000393673179149653
PIK3AP1	0.09761079662642233	0.000399323974057467
STK4	0.09761079662642233	0.00041409528863536
PM20D1	0.09761079662642233	0.00041762143856912
GPA33	-0.08926733809708741	0.000461383338065632
PRTG	0.09761079662642233	0.000496567507175791
ERBB4	0.09761079662642233	0.000497983715146836
FCGR3B	0.09761079662642233	0.000522598652011696
ADAM15	0.09761079662642233	0.000546584764216669
BIN2	0.09761079662642233	0.000551204758641789
STAT5B	0.09761079662642233	0.000555101858685135
CDC37	0.09761079662642233	0.000555184153644265
CTF1	0.09761079662642233	0.000594897393552168
ARTN	0.09761079662642233	0.000626815559714531
TBCB	0.09761079662642233	0.000705172692668095
ICA1	0.09761079662642233	0.000706308488603536
VSTM1	0.08406426478847455	0.000831193922022258
FKBP5	0.09761079662642233	0.000863621043959373
HMOX1	-0.08926733809708741	0.00088288218369896
DCTPP1	0.09761079662642233	0.000956413744843845
FOLR1	-0.08926733809708741	0.00104716101405162
SCGN	0.09761079662642233	0.00106269177166897
DPP4	0.09761079662642233	0.00110119570486112
MPIG6B	0.08406426478847455	0.00116077402146035
SPRY2	0.08406426478847455	0.00121864228930089
GBP2	0.08406426478847455	0.00133663290159899
IL34	0.08406426478847455	0.00141469560548808
ARID4B	0.08406426478847455	0.0014481097545069
VASN	0.08406426478847455	0.00153119656830033
ATP6V1D	-0.08926733809708741	0.00154060346818816
PKLR	0.08406426478847455	0.00159627888161452
VTCN1	0.08406426478847455	0.00169897026226976
ABHD14B	0.08406426478847455	0.0017272843869184
CA1	0.08406426478847455	0.00181719136595272
ITGB1BP2	0.08406426478847455	0.00182400462690035
LYAR	0.08406426478847455	0.0020407397296605
IL22RA1	0.08406426478847455	0.00204228573421692
RHOC	0.08406426478847455	0.00208993972735868
TDGF1	0.08406426478847455	0.00218067931343036
ATXN10	0.08406426478847455	0.00218380453376502
AFP	-0.08926733809708741	0.00223072449487978
RSPO3	-0.08926733809708741	0.00240950293232391
ITGB5	-0.08926733809708741	0.00252946028686793
ENO2	0.08406426478847455	0.00260517353618037
CLEC5A	0.08406426478847455	0.00261621844982038
DRG2	0.08406426478847455	0.00263088601081615
OGFR	0.08406426478847455	0.00264269584221562
CLSTN1	0.08406426478847455	0.00274597889919225
PRELP	0.08406426478847455	0.00276717732980673
TP53INP1	-0.07400058144377693	0.00282457029772315
SERPINA11	0.08406426478847455	0.003352191259833
RSPO1	-0.08926733809708741	0.00343592406582922
EBI3_IL27	0.08406426478847455	0.00352939574390029
MAGED1	0.08406426478847455	0.00370294230006739
TNFRSF19	0.08406426478847455	0.00377567670154289
CTSF	-0.08926733809708741	0.00391094302629709
MED18	0.08406426478847455	0.00401195648408132
VIM	0.08406426478847455	0.00409066675943801
MTPN	-0.07400058144377693	0.00412936614877961
KLK12	0.08406426478847455	0.00444435495758168
PLA2G4A	0.070389327891398	0.00459446763254688
MANSC1	-0.07400058144377693	0.0046607000395956
AOC1	0.070389327891398	0.00468683081864088
PLPBP	0.08406426478847455	0.00470989540101513
SERPINB6	0.08406426478847455	0.00476405343207976
GP6	0.070389327891398	0.00493824252430791
PRSS27	0.070389327891398	0.00526483346856729
IGFBP3	-0.07400058144377693	0.00545166943966153
FLT1	0.070389327891398	0.00587474138120228
ADAM22	0.070389327891398	0.00594961421442477
FOXO1	0.070389327891398	0.00600090463006809
CDH5	0.070389327891398	0.00618223785843034
NPTN	-0.07400058144377693	0.00626871245699271
SEPTIN9	0.070389327891398	0.00649335872023878
NDRG1	0.070389327891398	0.00651714938291342
GPC1	0.070389327891398	0.00696020899392165
PAM	0.070389327891398	0.00716293494662492
IL18RAP	-0.07400058144377693	0.00730473418922538
BTC	-0.07400058144377693	0.00748273662966564
CDSN	-0.07400058144377693	0.00792041573885981
TSLP	0.070389327891398	0.00808558570336865
PRDX1	-0.07400058144377693	0.00809379653357674
THPO	-0.07400058144377693	0.00835749523278197
FGF2	0.070389327891398	0.00848670137744214
RGMB	-0.07400058144377693	0.00849011623216969
CEACAM3	0.070389327891398	0.00865015522588323
SPOCK1	-0.07400058144377693	0.0086638089042248
BGN	-0.07400058144377693	0.0087093863638575
BRK1	0.070389327891398	0.00887491586701469
BIRC2	0.070389327891398	0.00895564051649789
ARNT	-0.07400058144377693	0.00906840966337384
APRT	0.070389327891398	0.00909049025250727
LY6D	0.070389327891398	0.00909285892527124
CNTNAP2	0.070389327891398	0.00921625046913589
CHMP1A	0.070389327891398	0.00954235422710587
CNTN1	-0.07400058144377693	0.00955313617306298
DIABLO	0.070389327891398	0.00995197143829967
FES	0.070389327891398	0.00999841858105713
ITGA6	-0.07400058144377693	0.0102675687850746
KLK4	0.070389327891398	0.0105978698541787
VTA1	0.070389327891398	0.0108524561514659
PAEP	0.070389327891398	0.011176366203473
CALCOCO1	0.070389327891398	0.0112473934707762
LTBP2	-0.08926733809708741	0.0129473083425464
TCL1B	0.070389327891398	0.0129927856530125
GKN1	0.070389327891398	0.0134335575039798
MAP3K5	0.070389327891398	0.0136264758924587
JCHAIN	0.070389327891398	0.0137424434190487
FADD	0.070389327891398	0.0139474064546249
FGF5	-0.07400058144377693	0.0139783458055274
ANXA11	0.070389327891398	0.0141138237124157
MGMT	0.070389327891398	0.0146144534708411
KAZALD1	0.070389327891398	0.015190962545414
KIR3DL1	0.070389327891398	0.0153070597231809
PLXDC1	-0.058893689053568565	0.0161405731548914
HMBS	0.070389327891398	0.0163064324726557
NPTX1	0.070389327891398	0.0165301818592663
SFTPD	0.070389327891398	0.0172536302894078
FOXO3	0.070389327891398	0.0173325044199304
EDIL3	0.070389327891398	0.0174037207374869
CD209	-0.058893689053568565	0.0175260817725935
KIR2DL3	0.070389327891398	0.0182364325752517
PNLIPRP2	0.070389327891398	0.0187539920205481
SRC	0.070389327891398	0.0193497262774272
PPME1	0.070389327891398	0.0202416575283827
CASP3	0.056583528366367514	0.0213602880417655
HDGF	0.056583528366367514	0.0229614450861856
STXBP3	0.056583528366367514	0.0231549557635188
TGM2	0.056583528366367514	0.0233782495851132
CDH3	-0.058893689053568565	0.0248683016217206
IL17F	0.056583528366367514	0.026069858821017
PDP1	0.056583528366367514	0.0270778693466357
CXCL3	0.056583528366367514	0.0275387848877408
DGKZ	0.056583528366367514	0.028863506553576
FHIT	0.056583528366367514	0.029437476936785
SPP1	-0.058893689053568565	0.0321607730329628
MSMB	-0.058893689053568565	0.0327824069339551
ADAM23	0.056583528366367514	0.0333944447699485
TPMT	-0.058893689053568565	0.0337614783168369
TIMP4	-0.058893689053568565	0.0340264856165417
MGLL	0.056583528366367514	0.0350705850762812
KLK11	0.056583528366367514	0.036058495293949
SSB	0.056583528366367514	0.0383118467298778
PSMD9	0.056583528366367514	0.041488578858108
ITM2A	-0.058893689053568565	0.0415248116749029
CARHSP1	0.056583528366367514	0.0428724103936419
CA13	0.056583528366367514	0.0440030631166357
GRK5	0.056583528366367514	0.0445709897618194
PMVK	0.056583528366367514	0.047642037777315
IL6R	0.056583528366367514	0.0482063162574163
LYPD1	-0.058893689053568565	0.0489225664841767
ANXA4	0.056583528366367514	0.0489940439176347
DSG3	-0.058893689053568565	0.0490495410872248
CCL24	0.056583528366367514	0.049557945695072
ACP6	0.056583528366367514	0.05318739302511
RABEPK	0.056583528366367514	0.0534040616954408
IFNGR1	0.056583528366367514	0.0550355281184668
DUSP3	-0.058893689053568565	0.0551764181191101
SH2B3	0.056583528366367514	0.0556994912645352
MZT1	0.056583528366367514	0.0566514724421714
MAPT	0.056583528366367514	0.0571628703726453
EPHA10	-0.058893689053568565	0.0573080278134981
IL7	0.056583528366367514	0.0581544336342814
LY75	0.056583528366367514	0.0607812431587738
FOSB	0.056583528366367514	0.0615586855778631
SMARCA2	0.056583528366367514	0.0626403226122296
KLK13	0.056583528366367514	0.0633206798939742
PRTFDC1	0.056583528366367514	0.0638770768343944
FKBP1B	0.056583528366367514	0.0644533563831994
CRADD	0.056583528366367514	0.0650671975904897
PNPT1	-0.043943347587597055	0.065783197802571
PAPPA	-0.058893689053568565	0.0676114675888207
SUSD2	-0.058893689053568565	0.0676952630049618
CA11	0.04264433740849372	0.0706187136115034
IL1A	0.04264433740849372	0.0733467611532713
TRAF2	0.04264433740849372	0.0735954956187711
SDC4	0.04264433740849372	0.0745433600538943
LTO1	0.04264433740849372	0.0758060416271227
NELL2	0.04264433740849372	0.0771669145849146
CCL28	0.04264433740849372	0.0795667140969977
NPPB	0.04264433740849372	0.0803271772113393
ATF2	0.04264433740849372	0.0805770349625434
NTproBNP	-0.043943347587597055	0.0837824765551166
ACTN4	0.04264433740849372	0.0843779475646151
GALNT2	-0.043943347587597055	0.0862402684313853
ARG1	-0.043943347587597055	0.0870471683517324
MSLN	0.04264433740849372	0.0894936764819914
PRDX5	0.04264433740849372	0.091289065991921
IL20	0.04264433740849372	0.0913599164152405
SERPINB9	0.04264433740849372	0.0913859135380203
NTF4	-0.043943347587597055	0.0931544893886556
GFRA2	0.04264433740849372	0.094411876252159
CCL23	0.04264433740849372	0.0961569283196509
CCS	-0.043943347587597055	0.0965259650873293
CDNF	-0.043943347587597055	0.0969733825669648
CGA	0.070389327891398	0.0985831577445528
DPEP2	0.04264433740849372	0.105252828307423
C4BPB	-0.043943347587597055	0.109015212765183
CEP164	0.04264433740849372	0.11025229294861
ENG	0.04264433740849372	0.111016161151776
TST	0.04264433740849372	0.11102671420123
DTX3	0.04264433740849372	0.112372610406622
CA9	0.04264433740849372	0.112714891653436
LXN	-0.043943347587597055	0.116369760029381
HAGH	0.04264433740849372	0.12364949553126
NINJ1	0.04264433740849372	0.123733758051853
ECE1	-0.043943347587597055	0.124358657355761
SCRN1	0.04264433740849372	0.127595012797985
SUGT1	0.04264433740849372	0.129675138740007
TBL1X	0.04264433740849372	0.130572032002106
CLSPN	0.04264433740849372	0.132282509147749
PSMA1	-0.043943347587597055	0.134736741891924
PTPN6	0.04264433740849372	0.134812718111246
RAD23B	0.04264433740849372	0.135273139529263
TNFAIP8	0.04264433740849372	0.136886591705807
LHB	-0.043943347587597055	0.140810798947536
PPM1A	-0.043943347587597055	0.143436568525428
PTEN	0.04264433740849372	0.144953491291423
ITGB1BP1	0.04264433740849372	0.147346772093559
CHEK2	-0.043943347587597055	0.148106625166297
MAP2K6	0.04264433740849372	0.152023800284892
FRZB	0.04264433740849372	0.159128203564388
ADCYAP1R1	-0.043943347587597055	0.168090088118009
UBAC1	0.04264433740849372	0.168261924693233
LTA4H	0.04264433740849372	0.169645746411296
CDKN2D	0.04264433740849372	0.169646115504863
COPE	0.04264433740849372	0.171256315941672
SCARB1	0.04264433740849372	0.17184061256145
EDAR	-0.029146345659516508	0.182307893739593
CHIT1	-0.043943347587597055	0.187201200825662
MFAP3	0.04264433740849372	0.190748597899701
IL13	-0.029146345659516508	0.191784616182279
PVALB	-0.029146345659516508	0.193010833744925
MMP10	0.04264433740849372	0.194874100594142
SULT1A1	0.02856915219677092	0.195163032286788
DUOX2	-0.029146345659516508	0.199730459458787
PRSS2	0.02856915219677092	0.20108798706134
MAEA	0.02856915219677092	0.201620616509458
AKT3	0.02856915219677092	0.203558870203369
WAS	0.02856915219677092	0.214791325449814
NCLN	-0.029146345659516508	0.223972763278191
COMP	0.02856915219677092	0.243651560527445
CPB1	-0.029146345659516508	0.244794444548052
WFIKKN1	0.02856915219677092	0.251740588245939
FMR1	0.02856915219677092	0.253589759793843
CPA1	-0.029146345659516508	0.257551565293379
ISLR2	0.02856915219677092	0.258190972226704
CTSV	0.02856915219677092	0.26079813660099
PRKCQ	0.02856915219677092	0.262593166428063
DCN	0.02856915219677092	0.26392436950933
IL17D	-0.029146345659516508	0.264979883915852
TPPP3	0.02856915219677092	0.268548031284694
LSM1	-0.029146345659516508	0.26870699666302
EPHB6	-0.029146345659516508	0.280506062889932
SF3B4	-0.029146345659516508	0.28480357346439
C1QA	0.02856915219677092	0.287964335697639
GGA1	-0.029146345659516508	0.289143172714574
CD55	0.02856915219677092	0.304587745302191
FST	0.02856915219677092	0.308455438314334
GYS1	0.02856915219677092	0.314485854638353
RASA1	0.02856915219677092	0.323490332530279
NT5C3A	-0.029146345659516508	0.335418079180939
KCNIP4	-0.029146345659516508	0.338746047694693
SIGLEC15	-0.029146345659516508	0.338949529610061
INPP1	0.02856915219677092	0.345002642029296
TACC3	0.02856915219677092	0.351786574489919
CCL27	-0.029146345659516508	0.35314141563967
ANGPTL1	0.02856915219677092	0.370356625644773
NEFL	0.02856915219677092	0.37378578603205
IL2	-0.029146345659516508	0.375435054152618
IVD	0.02856915219677092	0.376405877366324
DCTN2	-0.029146345659516508	0.377630210629748
TSHB	-0.029146345659516508	0.37867170025712
RUVBL1	-0.029146345659516508	0.405072993614421
SEMA4C	0.02856915219677092	0.415011892554908
LGALS7_LGALS7B	-0.029146345659516508	0.427564717784652
NGF	-0.014499569695115089	0.440102467712694
HYOU1	-0.014499569695115089	0.469905656150296
EIF5A	-0.014499569695115089	0.47313746584183
CNPY2	0.014355292977070054	0.479001127358609
CTRB1	-0.014499569695115089	0.507542306699287
IL5	0.014355292977070054	0.532575918006662
SCARF2	-0.014499569695115089	0.536883399351449
GLT8D2	0.014355292977070054	0.54099101001207
PTX3	0.014355292977070054	0.543328459812943
DAPP1	0.014355292977070054	0.543926583400388
TNR	0.014355292977070054	0.567074842119843
CASP8	-0.014499569695115089	0.568657587037823
SESTD1	0.014355292977070054	0.603917415549026
SERPINB5	-0.014499569695115089	0.610563715727691
CLEC1A	0.014355292977070054	0.614141311388338
SIRT5	0.014355292977070054	0.623573196971128
LEFTY2	0.014355292977070054	0.631332331236449
CRHR1	-0.014499569695115089	0.636912770871935
FABP6	0.014355292977070054	0.646614327474603
GH2	-0.014499569695115089	0.647929533042115
GSAP	-0.014499569695115089	0.651573672227548
CA4	-0.014499569695115089	0.654769108729433
PFDN2	0.014355292977070054	0.677129932517672
KLK10	0.014355292977070054	0.682181546873228
TPT1	0.014355292977070054	0.688562998340771
RGS8	0.014355292977070054	0.70081011903929
IKZF2	0.014355292977070054	0.704297668570182
ATP5PO	-0.014499569695115089	0.704611469110565
ITIH3	0.014355292977070054	0.708459229157955
ITGB6	-0.014499569695115089	0.736541169386433
GFOD2	-0.014499569695115089	0.750035922136209
TNXB	-0.014499569695115089	0.783307744562752
ADGRB3	0.014355292977070054	0.784656586409123
IL2RB	-0.014499569695115089	0.785171391369215
ITGB1	0.014355292977070054	0.790902368981497
CD84	0.0	0.791121362573576
MUC16	0.0	0.810843068880968
CST5	0.0	0.811333497717127
BOC	0.0	0.815234169355808
BLMH	0.0	0.828910685817497
GZMB	0.0	0.82933257736514
HSP90B1	0.0	0.833848821917499
WASF3	0.0	0.845777800136856
CLEC4C	0.0	0.845974234149793
IL11	0.0	0.851620017954899
DARS1	0.0	0.85509944064254
IMPA1	0.0	0.882690447298966
IL33	0.0	0.889164044384537
GDF2	0.0	0.895867004300294
HK2	0.0	0.900348877957734
IL4	0.0	0.911502981154545
IL24	0.0	0.9136848309058
RAB6B	0.0	0.920496505794643
KRT14	0.0	0.921849494597135
NTF3	0.0	0.922158305544808
RAB37	0.0	0.922619574491845
METAP1	0.0	0.936872516718651
IL20RA	0.0	0.938247721651021
PSG1	0.0	0.942939711563546
DNAJB8	0.0	0.943789550712873
CRX	0.0	0.944273159020929
GMPR	0.0	0.944403274700758
PEAR1	0.0	0.944870376237766
ICAM5	0.0	0.947381680874282
GHRHR	0.0	0.950151315985352
SFTPA1	0.0	0.954365798895179
HEBP1	0.0	0.958307145618897
S100A16	0.0	0.975015203790425
SFTPA2	0.0	0.996243579424528
