gene	gwas_score
FTO	0.9720613295954468
PPARG	0.9657289026903054
CTRB2	0.9505510730977453
CTRB1	0.9499261464682776
SLC30A8	0.9413366684183516
KCNJ11	0.9335108820933907
KL	0.9303729132872626
LPL	0.9213077944743958
APOE	0.917289236145116
UBE2E2	0.9126108293847083
ANKH	0.8999390317853144
ABCC8	0.8957250317048474
TCF7L2	0.894987834270626
HMGA2	0.8911875499374851
WFS1	0.8892033999164167
FGFR4	0.888790228332766
JAZF1	0.8833790697297622
PROX1	0.8786898080947007
PAX4	0.8781124099655722
HNF4A	0.8767022658615714
GLP1R	0.8766522688604986
TRIM66	0.8631380427275221
PAM	0.8617432093484569
WSCD2	0.8611075833431617
DGKB	0.8598398041657541
MTNR1B	0.8595666867836648
GRP	0.8581378410117786
HNF1A	0.8576038050721088
IGF2BP2	0.8508814338964951
RASGRP1	0.8504491107558066
TFAP2B	0.8485662083593563
TLE1	0.8473553486354217
PNPLA3	0.8451010272555689
SINHCAF	0.8417797518533027
ADAMTS9	0.8396464302153304
ZFHX3	0.8386634490392862
GRB14	0.8379109192572118
ABO	0.8348298790571111
TENT5C	0.8345815016853637
CDKAL1	0.83336312290248
GP2	0.8312779242480433
SPRED2	0.8307872349176496
JADE2	0.8293601907099407
CDKN2B	0.8252178728371176
MYO5C	0.8246768292912566
ACVR1C	0.8237808973368177
FBRSL1	0.8218861642004913
MBNL1	0.8215407850150149
ATXN7	0.8182575474178618
RNF6	0.8162184132427105
KCNQ1	0.8147415047067651
TET2	0.8139045141930376
EYA2	0.8133400261970968
ETS1	0.8132766219376291
SLC22A3	0.8131059025586892
SLC2A2	0.8120448469050795
ADCY5	0.8118745507235788
NEUROG3	0.8117232966500959
GLIS3	0.811158759566278
TMEM106B	0.8101376612014837
PGM1	0.8092809076203664
BCL2L11	0.8086149679366524
RFX6	0.8085057732207187
NLGN1	0.8072653311558142
RREB1	0.8065361010478548
ETV1	0.8046531904808776
KSR2	0.8044637082828118
BEND3	0.8038606239761741
PSMD6	0.8012832052834855
ARAP1	0.800908322339306
SLC12A8	0.8007546874083484
EBF2	0.7998696942763245
SCTR	0.7995438680491413
CENPW	0.7991436096217465
FAIM2	0.7988202019948829
RGS17	0.7983093238905169
AUTS2	0.7971743878779796
TSPAN8	0.795740360900907
LEPR	0.7953422850226892
KCNK17	0.7931907491555835
GTF2I	0.7925885310619253
CTTNBP2	0.7904479237296445
HHIP	0.7901905948255052
TFRC	0.789840843127815
CDKN1B	0.7885879205562197
RSPO3	0.7879175830383207
CCND2	0.7871687876657695
KCNU1	0.7864236408264116
TCF4	0.7862457654791599
MC4R	0.7862456974092389
THADA	0.7842330023203344
NUS1	0.7834228113944776
PEAK1	0.7824510652187999
TRPS1	0.782058489319076
HHEX	0.779106751722003
NFATC2	0.7789186031942483
INS	0.7784187806993574
GPSM1	0.7780533369549826
ARID5B	0.7774236321328526
SLC1A2	0.7771969009755961
HIVEP2	0.7765907599513329
WDR11	0.7756666919438054
POC5	0.775184269810519
LRMDA	0.7748842829731873
CCND1	0.7742169158203277
CMIP	0.7741892815118866
ITGA1	0.7740743916089816
ZMIZ1	0.7737504175973922
KCNK16	0.7731049882863954
CPA1	0.7728820286947998
TYK2	0.7708021981042957
LRFN2	0.7702260143440897
GCKR	0.7698924882432254
BCL2	0.7688380025879449
HNF1B	0.768795835839853
FBXW7	0.7684918883022798
ARPP21	0.7674892663986782
ONECUT1	0.7671956524130579
ANGPTL4	0.7671524106592552
SH2B3	0.767031767017982
PLXND1	0.7659981729476961
DNMT3A	0.7658393517557928
TTN	0.7647537507050974
PABPC4	0.7639808521045306
CPNE4	0.7636387458630788
HMG20A	0.762620608990788
GPR26	0.7615226189124864
CEP68	0.7613007845439176
MED23	0.7606654810351323
FGFR3	0.7605778600502603
KLF14	0.7603382744982712
CNTN2	0.7599397597336519
PELO	0.7591034511004667
BDNF	0.7588496000291395
IL12B	0.7573524461317754
MYC	0.75569686918021
PTGFRN	0.7556927286867541
JPH1	0.7549690986541515
ST6GAL1	0.7545345185072867
SPRY2	0.7539003762261122
NKX6-3	0.7532925978688583
PDE3A	0.7526210509053228
ATP5F1E	0.7505779940398128
NHSL1	0.7492274053196627
LONRF1	0.7467210080437295
NLRC3	0.7458041670181791
HDAC9	0.745779505559037
MAML3	0.7456725256325298
CDH7	0.7455688850085858
RBMS1	0.7454913600541744
GRID1	0.7451126581808777
CAMK2B	0.7436538104356779
PENK	0.7435929327871623
MSRA	0.7434853375919434
PCBD1	0.7418426824316278
PLEKHA1	0.7414705479410575
TSEN15	0.7404620034688177
ZC3H11B	0.7399374941069633
TP53INP1	0.7397047279155605
CEP120	0.7393162782812635
CDC123	0.737944285857008
LTBP3	0.7377510490634703
FXYD2	0.7377115841345305
LAMA1	0.7346795875212713
PML	0.7341575725593709
PRIM1	0.7322782932176118
SPHKAP	0.7317761004915299
SIX3	0.728377937295329
AOAH	0.7282346792425434
PARP8	0.7275113090185167
OCIAD2	0.7263302772856289
TSHZ2	0.7248451731298583
CRHR2	0.7246070438172666
KLHL42	0.7244130206395416
PRC1	0.7241158444486336
PPP3CA	0.7204769165299933
ZZEF1	0.7204709035444947
UNC5C	0.7202384325606268
LINGO2	0.7194188481027237
PARD3B	0.7193972828497726
NEGR1	0.7179303163758168
ADH1B	0.7174492966330643
ACSL1	0.7171553598240784
ETAA1	0.7163688383436004
SLCO6A1	0.7155464992998622
LCORL	0.715322124493654
AKAP6	0.7146397294047253
PCM1	0.7118553321778461
TRAF3IP2	0.7108022210612283
PIM3	0.7102941458118158
RCCD1	0.709650674780188
ZHX3	0.7083894040837279
PATJ	0.7081626484945536
SSR1	0.7081025048844334
CAMK1D	0.7078023321887789
KCNH7	0.7070274612645611
ACE	0.7056939277058867
MRAS	0.7055396993355754
ALDH2	0.7054155008609764
TRAF3	0.70519311420356
TOX3	0.704997157555726
MEOX2	0.7049649705984893
MACF1	0.7047694878045373
BEND7	0.7031902603549499
SLC39A11	0.7027206465258723
LRRC1	0.7023051518592964
WIPI1	0.7008233061505987
FAM185A	0.7002196606788573
PIK3R1	0.7001331061205058
FHIT	0.6998965467704097
RDH14	0.6998948736465594
HEY2	0.6998167156877828
PPIP5K2	0.6985666937867048
UHRF1	0.6980069646303824
ZNF236	0.6977081969693906
IGF2BP1	0.6968774221758189
CCDC92	0.6962523496199376
RELN	0.6960568015147615
FOXA2	0.6960163981480068
VPS13C	0.6956743738831984
ZC3H4	0.695407918848852
MAGI2	0.6953777562610163
OASL	0.6953422269630267
DENND1A	0.695140387686666
GRB10	0.693811795165439
AP3S2	0.6936620903728498
MPPED2	0.6932545383657548
PTPRG	0.6929892199276624
SIRPA	0.6924963723206584
PTEN	0.69226910328684
FSCN3	0.6918706445003775
TSHZ3	0.6906284190787005
ARG1	0.690528908030406
LEP	0.6900528750756298
GCK	0.6889513562540142
IRS2	0.6887107693125445
NPC1	0.687875341443263
SEC16B	0.6873360096227537
MEF2C	0.6870920725392812
JPH2	0.686994317798126
IGF1R	0.6867811329841558
PRKD1	0.6864264080001797
GDAP1L1	0.685774174733407
PDCD4	0.6846259169659571
EIF5A2	0.6842967792603072
GRM8	0.6833921459869023
DGKD	0.6820760546038447
UBE3C	0.6806400881489717
QSER1	0.6803484524558001
ANKDD1B	0.6800149999210119
PTPN22	0.6798953478678296
L3MBTL3	0.679772922962388
ZBTB38	0.6789533823711043
SLC39A10	0.677122494481711
CTBP1	0.6770028624252339
LAMC1	0.6769433441603868
KIF11	0.6763918393518338
ZEB2	0.6756624385174065
CADPS	0.6749996092036679
P2RY1	0.6745116876202659
INHBB	0.6739819951710225
NKX6-1	0.6731677566773566
CASR	0.672274976059019
GALNT3	0.6716912511535891
ERN1	0.6716444717066067
ACTN1	0.6714012411658213
IL13	0.6709345109690968
ZBTB20	0.6702354002046996
ATP1B2	0.6697873012282367
CYTH1	0.6690662414746297
CALCR	0.6689768559133416
HUWE1	0.6683500391493692
ANK1	0.6679078279456208
NFAT5	0.6657616206053542
MOB1B	0.664868153206932
HAUS6	0.6643379805605207
MYBL2	0.6631311687795761
BAK1	0.6629804151470391
SLCO4A1	0.6627129417978272
LRRC74A	0.6623499053204461
DMRT2	0.6619737928422783
CYRIA	0.6617745144057057
ID4	0.6613281396579512
ETS2	0.6602608398874196
TCF12	0.6602149457183103
PDE4B	0.659781758776743
CDKN1C	0.6594705266562529
CPEB3	0.6586994139459931
MAP3K1	0.6581419903175514
EYA1	0.6578154306032635
IL13RA1	0.6577822015627796
SNTB1	0.6574716480656752
SLIT2	0.65705116026054
SMAD3	0.6566822384331757
TH	0.6558635005457681
LTO1	0.6557336377886984
FNDC3B	0.655382977523169
RGMA	0.6552497110340195
PKIG	0.6551067491589717
MANSC4	0.6548259158708721
SGIP1	0.654733981614037
JMJD1C	0.6542244358817524
MRPS30	0.6535897881898839
GUCY1B1	0.6531346402859713
INSR	0.6528233062327959
SLC16A11	0.6523311977898618
ROBO2	0.6512262685288069
ARL15	0.6509305894900513
SLC38A11	0.650769962323684
NOTCH2	0.6502867847431814
CLEC14A	0.6486639938100421
ZNF536	0.6480715415463368
CHMP4B	0.6479960599817957
CHD1L	0.6464736339110276
NFIB	0.646365746360755
LPP	0.6459527618195213
FOCAD	0.6433103664579239
PLPPR1	0.6430128640408803
TIGAR	0.642822761348627
TM4SF4	0.6427164903697032
ABCB10	0.6426831393157636
ZNF257	0.6421476883669139
TOMM7	0.6417360906237753
ZC3H12C	0.6414174990555854
SEC23IP	0.6404126534805229
ZBED3	0.6400711221990711
GRM4	0.639652852165091
FAF1	0.6392103006324723
PDZRN4	0.637776439876686
SETD5	0.6377435146010213
SORBS2	0.637703250670481
GMDS	0.6376992245038987
NMI	0.6372953142823935
PDGFC	0.6372658194862768
MINDY1	0.6366367818806009
HMGA1	0.6359954534961042
SKI	0.6356985609301709
GPC5	0.63569070805017
RAP1GAP	0.6356177186215768
BPTF	0.635371961008384
RALY	0.6353209469660226
ZFP64	0.6350988368054352
PDILT	0.6349715701220088
USP48	0.6347986521052456
LTK	0.6345374635114798
EMSY	0.6341685690255354
PCGF3	0.6334460141794668
SHBG	0.6328121316494876
JAG1	0.6323143082301002
TENM4	0.6321850018510634
ITIH4	0.6308810039988005
ZFPM2	0.630818697057858
MON1B	0.6308005309942393
RMC1	0.6302137765913025
TET1	0.6293160443920297
HK1	0.6289803181936415
ARF5	0.628891512815944
NRF1	0.627492352711739
COBLL1	0.6268469349188289
BACE2	0.6267542323712937
IL23R	0.6261528239393883
SPRY4	0.6260995758732556
STK24	0.6260967766809393
VPS33B	0.6258623372283335
C3orf70	0.6257417540298863
ADRB1	0.6251039964727712
SMARCAD1	0.624961186190102
TNFAIP3	0.6244720403071566
PTCH1	0.6234536053655267
PSTPIP1	0.6229028076593343
RPAP1	0.6223533645015287
KDM2B	0.621995055308309
COL27A1	0.6219225183813518
SIDT1	0.6217178229112713
FOXN3	0.621691745810288
JARID2	0.6216036452331366
FADS2	0.621283777249766
IFNLR1	0.6202709508785592
TAFA5	0.6202026650802421
LDHB	0.6199680039569697
PPP2R3A	0.6178118380209475
QKI	0.6176807968649967
UBE2E3	0.6164026059499027
SIPA1	0.6150723281634168
STARD10	0.6148983816020893
PRKN	0.6145027897212347
PPP4R3A	0.6138412509494008
SNX29	0.6137067502719407
CTLA4	0.6132960271890098
TLR4	0.6127561330968281
SAG	0.6121723668261312
ATG16L1	0.6121228501925967
MAP2K5	0.6120674198753405
GGNBP2	0.6119995457179395
BMAL1	0.611557164845653
KCNJ12	0.6114799017023993
NYNRIN	0.6109220924271039
SHQ1	0.6097072500255082
YKT6	0.6090869674561632
NSD1	0.6090720803776037
ERBB4	0.6089635548463211
TECPR1	0.6089336716710463
SSPN	0.608924342320836
NRXN3	0.6083538421736137
EBF1	0.6063649247192883
SLCO4C1	0.6062687145132492
ATP2A3	0.6049476869862582
STEAP1	0.6041841792246032
FOXP1	0.6035887188751071
MAD1L1	0.6025999389503026
LIN7A	0.6022647069487642
PLEKHM3	0.6022102138692521
MITF	0.6018555266324751
GALNT10	0.6018042232048016
DDX20	0.6017106722046397
OTULINL	0.6011061493315746
CACNA2D3	0.6009517326202718
COL13A1	0.6008159356105726
TLE4	0.6004015065108471
SETBP1	0.5993139566373056
PCNT	0.598237508661393
SORT1	0.5979566503264113
IGF2BP3	0.5977538593614582
HSD17B12	0.5976890089997409
CBLN4	0.5970960209839702
MAST2	0.5967401676970059
IFIH1	0.5963316341340512
C12orf43	0.5953438540519986
BRD3	0.5951327342018903
CSF1	0.594804297775683
TSC22D2	0.5942829603907155
KLB	0.5936111443155943
NCR3LG1	0.5932311486589772
GNPDA2	0.5930180901082949
PLEKHM2	0.5927200417184932
JMY	0.5925804378045776
RIT2	0.5922679103426615
FOLH1	0.5884119183171348
ISL1	0.5883175012382139
BRAF	0.5879352935716659
GLP2R	0.5877851081460103
BCL11B	0.5875130087364282
CDKN2C	0.5872765782620951
ZNRF3	0.5871299008683837
SCD5	0.5857795961754811
WDR7	0.5855130443316908
PI16	0.5855123652935332
ZFPM1	0.5854154587452258
ARPIN	0.5847784995828484
COMT	0.5845886137114166
SOS2	0.5845326887477775
FGD5	0.5844415806241893
KIF3C	0.58419265935235
AGMO	0.5837855608546092
FST	0.5832280114799039
FN3KRP	0.5827362811603679
IDE	0.5825790889254718
SYT10	0.5820497099714241
RAB11FIP4	0.5814063720911377
TNRC6A	0.5806674797499448
AOC1	0.5806210986899101
HMGB1	0.5804963495524523
CTSH	0.5802158223696721
LPA	0.5801449887197093
ADARB1	0.5800793730678476
KLLN	0.5800596820448463
MBOAT1	0.5798495519302742
PDE3B	0.5795525023663823
ETV5	0.5794115935817974
EPC2	0.579274734466542
FITM2	0.5792229988814711
DCSTAMP	0.5785397901172782
THBS1	0.577209423390256
SHROOM3	0.5768159632413872
TNS1	0.5763333879213882
APIP	0.5763330889785194
RAB29	0.5762185712126099
PCSK1	0.5760191571948776
DLK1	0.5758908501767842
BMF	0.57575903714069
IL2RA	0.5754319574068032
FGFR2	0.5752750717409456
C10orf67	0.5752211141086857
TIMP4	0.5733602133130823
MED27	0.5729166158738332
FBXO11	0.5716068022239424
CCDC9B	0.5713238818821255
NOS2	0.5712795050770602
SLX4	0.5711890663036662
REEP3	0.5708397317905642
TMEM132B	0.5707468704148616
NFATC1	0.5699031992860646
SAMM50	0.5697061410161448
HCN1	0.5693140770034472
ANKRD55	0.5689940971790225
PNOC	0.568782906356072
SREBF1	0.5687077841578276
SV2A	0.5675741535135607
PRDM5	0.5671078932270943
ZNF664	0.5669531539889396
CAMK2G	0.5665446216616623
CRY2	0.5660768869352779
MAEA	0.5659807619135544
PISD	0.5656924504270682
SELL	0.5649090416033584
COPB1	0.5648360082626435
NCAM1	0.5636428192590529
ZNF268	0.5636353721090529
AP3B1	0.5636140482726566
KLHL21	0.563491315418315
APOBR	0.5631608576778223
NUDT5	0.562968025240537
BACH2	0.562108544809122
USP44	0.5620998885509704
MEIS1	0.5613237835432139
ARVCF	0.5609883787033767
FAM53A	0.560835863487077
MYL7	0.560517443764009
EVI2A	0.560457362733028
LRP12	0.5596738053696796
CACNA1D	0.5596424941238053
NCALD	0.5596395555254712
FANCL	0.5593896300944443
SLC12A2	0.5588901802376538
VPS53	0.5586485508567657
PLEKHH2	0.5583804892129184
ADCY9	0.5579457200677217
DNASE1	0.5574338030522134
IL10	0.5571128289999485
RAI1	0.5570720572769245
EXD2	0.5566577185477103
BHMT	0.5563351814455193
GLI2	0.5557927128449812
SLC9B1	0.5555544948922798
RARB	0.5552969756821989
TANK	0.5550813400883258
DYNC2H1	0.5542847569907907
TOM1	0.5542149945958795
EXOC6	0.5535415784959521
PHF13	0.552783464016777
FIBCD1	0.5526141917693446
CAT	0.552528059987652
ENPP3	0.5524750734099934
SARDH	0.5522248696389982
PRICKLE1	0.5521166914498254
SLC22A2	0.5514890578773077
NELL1	0.5510216415777616
UMOD	0.550068171267455
DUSP9	0.5495846591563375
REV3L	0.5495590560434513
SEPTIN9	0.5493984814481957
FMR1	0.5486444025912688
CDKL2	0.5486146290893935
EMILIN2	0.5482017950269311
KCNB2	0.5477401185311186
ANAPC4	0.5477242836179509
LDB2	0.5473838873380935
ZNF746	0.5473322527582186
EPB41L4A	0.5472350364366544
OLFM4	0.5467730349587151
ATP8B2	0.5466134471467182
SYT14	0.5462429311146595
CCNH	0.5460058502954676
NCOR2	0.5456149924178492
HERC1	0.5452629216401743
ERAP1	0.5445658525622251
CDC14C	0.5443763549927847
LHX2	0.5439472521423456
PPP2R2C	0.5436108569208891
GDF6	0.5435577900322526
PLA2G2F	0.5435553894304279
ESR1	0.5432919211154563
IRS1	0.5431806514776888
XKR6	0.5431605018041973
TMEM161B	0.5411748185998456
TMEM144	0.5410568068158564
ABCA1	0.5408133314375903
FOXK1	0.5407700843692478
HMBS	0.5395153667959508
SYNDIG1	0.5394517553770356
SGCZ	0.5389243066992265
ATP5MC1	0.5384923144703397
DHTKD1	0.538250068456876
CLCNKA	0.5369197273966658
SOX7	0.5367837134241031
HECTD4	0.5366786742608698
DYRK2	0.5364622179832659
PIK3C3	0.5364061341420608
HTT	0.536371120428365
RIGI	0.536092953334108
OSER1	0.5360442701605816
TRMT9B	0.5358924746469501
TFEB	0.5351672155936893
VGLL3	0.5351539829027032
GPAT4	0.5347521310114056
TNIP1	0.5346871224053882
CCN5	0.5343132717008579
GFI1	0.5342332591890993
CUX2	0.5335892517003626
AGTR2	0.5332663918923248
BRD3OS	0.533261770482177
CPQ	0.5331589445782045
ZC3H13	0.5325451605154586
TAL1	0.5325168515316776
PACRG	0.5324317347214168
MARCKS	0.5318875043220084
ADRA2A	0.5316844814750237
VEGFA	0.5315249621991242
SGCG	0.5311788944196711
NR2F1	0.5310599942258722
DDI1	0.5306476885977738
NTNG1	0.5298025001074461
CGNL1	0.5295003750497574
CNTN4	0.5291175580797977
LIPC	0.5287351427124053
CYP7B1	0.5285602364739295
SBF2	0.5283585048034697
ELAVL2	0.5281318674477098
CEP192	0.5280853315045404
DMRTA1	0.5279952427641152
ADCY1	0.5274448683005731
ST8SIA4	0.5274297316756721
ACADS	0.5273582256046321
SATB1	0.5271526166690701
GBA2	0.5271090072457352
PRMT6	0.5263069384962319
KDM5A	0.5247734385800973
CA10	0.5245152651774521
TPCN2	0.5243955473959625
WT1	0.5241755211365811
ADAMTS18	0.5241396344040216
BMP8A	0.5240093980334503
RUNX3	0.5236410384639213
LARP4B	0.5236112075891722
LRRK1	0.5228332495382463
DACH1	0.5227596914747897
PRDM14	0.5225911601678261
SNF8	0.521846411450069
NOL4	0.5217667538686718
CCSER1	0.5216665389337277
PRR14L	0.5216175601617953
DCAF5	0.5213209267248669
MAP2K7	0.5204914300198438
SGPL1	0.5202501209483446
NT5C2	0.5199646413290329
DNAJC10	0.51987023652992
CEP43	0.5189289469661713
TBC1D4	0.5187263542899224
PKD1	0.5186321419918993
MYCN	0.5183697657746131
HCN4	0.5178571733696606
SNAPC2	0.5178348223688387
INPP5D	0.5177889781600916
SGK2	0.5171804741153723
FN3K	0.517124379848912
GSAP	0.5165900904322482
CITED2	0.5165128396895875
MAGI1	0.5163796437115391
PGRMC2	0.5162260323713873
SCARB2	0.5145720000997401
ACVR2A	0.5138029373606068
SFI1	0.5137819376306204
GIPR	0.5134508377187369
PLEKHG1	0.5131389852491637
MRPL11	0.5126809277738378
PPP1R3B	0.5123359804410936
ADRA1B	0.5121772679227187
PCDH17	0.511863116904241
DMD	0.5118492551247265
DLGAP2	0.5118184187148735
ADO	0.5117691074346787
FEZF1	0.5117414182789892
FAT3	0.5113506274785643
CRYBA1	0.5113489551096202
CWH43	0.5099073313083494
PSAT1	0.5098497088122251
MAFF	0.5094080282727431
ZNF800	0.5091759102071345
WHRN	0.5090076129211034
MNT	0.5088830896279664
VWA5B1	0.5086117850694912
RORA	0.5081238109768985
ZCCHC7	0.5080614134472078
RASEF	0.5072897852850553
AFF3	0.5071595481066319
HMHB1	0.5070160555296428
TM6SF2	0.5069365833930811
INPP4B	0.5063008664222748
CDC42BPA	0.5058362639098987
DHFR2	0.5053822230390093
VWC2	0.5051638779860076
MYO16	0.5049746413671107
REL	0.5047465220352025
FOXG1	0.5042885964168321
RBFOX1	0.5041067978844386
STXBP6	0.5040263782265844
RNF138	0.503908426643851
FBN2	0.5038920963234672
BRINP3	0.503785189710937
IGSF21	0.5034489605134922
ZBTB46	0.5032466573592673
TWIST2	0.5026035138452324
PIP4K2A	0.5024158864301694
ZFAND3	0.5023518039497641
G6PC2	0.5020840049264537
AZIN1	0.5020443638564652
DCLK2	0.5018598164588376
SRP54	0.5017597918860823
SP9	0.5016176636762938
POU5F1B	0.5012565316319965
FCHSD2	0.5011278321975721
ADA	0.5011038143771628
ENSG00000293584	0.5005237754409296
FRMD4A	0.5000858351225616
GLRA1	0.499699600936166
C12orf42	0.49914902366259395
NUP133	0.4991157688652704
KBTBD8	0.49855940565821605
GAD1	0.498359249819291
JAKMIP1	0.49818372959041146
LDLRAD4	0.49810788416106544
C1GALT1	0.4963347362412719
APOA4	0.4963052405448908
L2HGDH	0.4960053917886826
PCCB	0.49575378588154806
ARHGAP19	0.49558360054335504
KDM4B	0.49556839890861626
HECW1	0.4953451447570367
GOLIM4	0.49514281579469893
IRX6	0.4946360885079151
SOX12	0.4940137438084739
ARL6IP6	0.49338429695118174
NYAP2	0.492442297413218
C1QTNF6	0.49242249809486344
NUDT12	0.49238965350860997
CEBPG	0.49117512274701547
IL17REL	0.49115081399717503
MDGA2	0.49070585742305084
NRP2	0.4905897065433214
PLCG2	0.4904445108978681
BCKDHB	0.4898781862802514
GDF7	0.489810389661174
TSPAN15	0.48950993143003124
ART3	0.4891272327351339
RNLS	0.4887449165120937
CCDC107	0.48806760708974334
THRB	0.4876798510123797
SLC30A1	0.48764992049000777
MRC2	0.48763117994274474
RNF166	0.4870284816780476
MTMR3	0.48647872453688823
ECE2	0.48589847763425875
CELSR2	0.4854116174664747
RGS6	0.48527062513893315
CDK5RAP1	0.4851509483438194
OSGIN1	0.48500034455010455
GOPC	0.48485762323565135
HAS2	0.48473568046365806
PLCL2	0.48471585964557395
ADAMTSL3	0.4843004558822905
SMCO2	0.4836536884563618
RPTOR	0.48356400358266033
MYOZ2	0.48344435597725427
SF3B4	0.4830897191461957
NAV1	0.48296888281510625
MAML2	0.48226655730996837
CLIC5	0.48226655730996837
HNF4G	0.48215085736089613
KIF26A	0.4819487357461373
TMEM87B	0.48100601488016864
PAX2	0.4808093557669202
TSPAN32	0.4807412000955652
B3GLCT	0.4803083184600586
CBARP	0.4799524541514633
MLXIPL	0.4798944623753401
COL21A1	0.47989171892530025
SYCE1L	0.47958314949227504
LHFPL3	0.479484930151961
CFAP69	0.4793148020538227
TMC8	0.47922712363374564
GTF2IRD1	0.4784093971224042
DDC	0.47837738079410724
TNFRSF11A	0.4782561571961197
PIAS1	0.4782561571961197
IFT38	0.47777845270071495
PDE1A	0.47763540685864503
NKX2-6	0.4771358642661271
BCL11A	0.47708030909883653
AFAP1	0.47646351457773517
CAPN13	0.47583834350935333
GAD2	0.475531256712172
UBASH3A	0.47541471428774246
WNT9B	0.47488745153830614
BCORL1	0.4746566676436488
TM4SF1	0.47409269833348266
INAFM2	0.473824368777567
NUP160	0.47285754936912977
SOCS2	0.4726111374760707
TMEM17	0.4723348845723882
YTHDC2	0.47222154244712067
GBP6	0.47213348112509346
SPOCK1	0.47189287741014213
TBCE	0.4717353435771977
ITGA11	0.47124759563968227
HHIPL1	0.47124759563968227
FMO5	0.47105940770674043
SPPL3	0.47082506952219694
SCN2A	0.4707276711292944
PDE8B	0.47057460256574335
TTLL7	0.47054868533034766
SGSM1	0.4704342173882496
PEPD	0.46945557024399914
UBAP2	0.4693029455919717
APOC1	0.4688102350407086
SENP6	0.46876104321085826
FRAT1	0.4685065426165978
NKX1-1	0.4680849371090452
LRRC10B	0.46779815728956275
STARD13	0.46750928336018677
TBL2	0.46730166200187667
SYN2	0.4670824338343987
PDE10A	0.46707656355770416
SPIN3	0.46682839250538943
ADRA1D	0.4664562571050952
SNX19	0.4663967493564689
TAF8	0.4662495245230581
INTS10	0.46558670250624756
GTF2IRD2	0.46543515672291924
FXR1	0.4650207847830911
PXMP4	0.46495935957263
HDDC3	0.46389617378943915
DAAM2	0.4638336664208914
NADK2	0.46372572502064074
LINGO1	0.4634007003232272
BTBD1	0.46337213599943516
MON2	0.46296209509003916
MYO19	0.462768030841153
ZBTB10	0.4626908361427311
PDHX	0.46246449109673055
PHACTR1	0.46213585323637646
PINX1	0.46184226312089127
CDC25A	0.4616949107435559
ZNF281	0.46114613178245134
BOC	0.46097849139066166
EML5	0.4608804144759905
FBXL22	0.46051384034943216
VTI1A	0.46004743728599773
ARHGAP22	0.4593098466506753
CTNND2	0.4589737986307267
PPP1R1C	0.458757669730793
PPP2R2A	0.4586009353435506
CFAP44	0.4585914113357809
TSKU	0.4583839571741035
BMPR1B	0.45785290445391463
SH3YL1	0.45743793742573374
UBAP1	0.4574368469219776
KCTD15	0.4572981604393871
ZNF169	0.4572772510835468
CFTR	0.45712553214620016
HOXC6	0.4570774228368939
SPCS2	0.45701820044282404
PTPRD	0.456545754454675
ERO1B	0.4563649876274681
FBXL13	0.4563624235664257
WRN	0.4560028122847813
SLC7A7	0.45568060775332864
MARCHF5	0.4554558955076822
LIPH	0.45494245666303623
MAGI3	0.4547759885148105
NOS1	0.4545348775028698
KLF8	0.4538009274657705
NEDD1	0.45368358333092024
STK35	0.45329036928148364
GPR176	0.4531802133637951
MAPK4	0.4531289038968717
PTPRM	0.4524894198062902
KIF5C	0.45216651495551374
CFAP61	0.4521297100053381
CYP19A1	0.4521123894367015
FSIP2	0.4516851366651667
OR4C13	0.45150017692307315
AK4	0.4513323116090701
THEMIS	0.4510669952836373
CYB5R3	0.4504848719883522
ADGRG4	0.4492486979317912
CABP1	0.44922829734571923
RPS6KA1	0.44869904164382474
ADGRL2	0.44865360232777823
MAN1A2	0.44857652942089543
PIK3C2B	0.4484175728413351
DNM3	0.4483080840091221
TRANK1	0.4471311678272239
SORCS2	0.44712239883640786
POU1F1	0.447084879619117
KCNJ3	0.44707634351687425
PTPRT	0.44705620563817183
THAP3	0.4469610503364445
LRIG1	0.446832877197483
SLC7A5	0.4461805295046714
ELF1	0.4459988084759845
RAB3C	0.44594833242554366
ASTN2	0.44554350036916335
CERS6	0.4454512900824732
GTF3A	0.44523137683758773
TNKS	0.44511056068640004
NCK2	0.4449587409413085
ASAH1	0.4448264915603179
KANSL1	0.4446931051867391
TMTC1	0.4446501956652828
UCMA	0.4443426649832358
ENSG00000237378	0.4439965797299978
SNX11	0.44379027350390365
TBC1D5	0.44367299842032665
CD320	0.44341681174216324
PCSK1N	0.443338990471567
TYW1B	0.44318450595653774
PHGDH	0.4427085889095241
STRN	0.44238756503344767
ZNF799	0.44179646523368815
GRAMD2B	0.44165101962871534
PRPF40A	0.4415232894938955
LMX1B	0.4411841252210123
GSE1	0.4407080808464805
VMP1	0.44022950552298085
HMGCR	0.4401599602894297
IRX3	0.44015880553452685
DPH6	0.43998704926813087
HDAC4	0.43975749285101023
ZFP36L2	0.439519705139673
TMEM18	0.4389737658647292
PKHD1	0.4376683577895346
BAZ2B	0.43735026219474055
DTNA	0.43721887453921626
BRI3	0.4369604440595439
EIF3H	0.436716846984102
NDUFAF6	0.4366298038859491
TMCO5A	0.4361569207629995
ANKS6	0.43602201599933027
TREML2	0.4358896114851085
VAPB	0.4353531811543646
ANKRD28	0.43499055993170277
ZMAT5	0.4349131121824203
FAM13A	0.4349014533161767
FRYL	0.4345888295334032
MLDHR	0.43440255076640694
SLC51B	0.4343375725816754
MTOR	0.43406616567274536
RABGAP1	0.4338273603960793
HACD2	0.4337132711652753
GRM5	0.43363630696489025
SUGCT	0.4329109286364444
TMEM266	0.4324378178275385
AKT2	0.432111009859896
AFG2A	0.43151736367585264
LYZL2	0.4312536417123864
DUSP10	0.4311067067629695
ITIH2	0.431094676577222
GPNMB	0.43034163043202334
SLC67A1	0.43033276471742216
SLC39A8	0.43009667845716326
CFAP77	0.43008103705162687
HP	0.43005301468057944
HS3ST5	0.4299889140824245
WBP1L	0.4299260681384307
CFAP58	0.4296397488117511
FAM237B	0.4287219276471923
PTPRR	0.42866733203796376
TCEA2	0.42811580600854093
C2CD4A	0.42795617631865446
NREP	0.4276086041373712
DTL	0.4266346663888076
VPS37D	0.4263855110960357
EFNA5	0.42623296065077837
WNT8A	0.4260354867420678
CD180	0.4259228200062445
RBL2	0.42519173257358506
GIN1	0.425111777856578
OBSL1	0.4251079198638437
PAMR1	0.4245397110002666
LARP1B	0.4243950588873019
IQSEC1	0.4241840233397301
CRTC1	0.42409349245553335
PRDM15	0.4238192405688844
AOPEP	0.42380753650263003
WNT7B	0.42355457195300056
CCDC146	0.42327748361975226
VCL	0.4229954264936708
TRMT61A	0.42247847500848684
CACNA1H	0.4224215195978382
NPVF	0.4220139517612653
SBNO2	0.42198892209016553
ALK	0.42145940368090157
CDADC1	0.42114263294654847
TBC1D2	0.4211352861990776
PIEZO1	0.4210514281949622
SPIN4	0.42090005439688855
GRK5	0.4208107203029506
KAT6B	0.4206478009689316
LGSN	0.42041819825089527
SRGAP2	0.4202023244287455
GSTO1	0.41988631195241016
TNKS2	0.4195685628595776
CPNE8	0.41953443921052797
PCDH9	0.41951935505161014
VPS8	0.4194858009793142
ATP11B	0.4194537325624871
CHUK	0.4192401217781152
POU3F3	0.4191706970779261
PPP1R21	0.41888896607133774
ERICH1	0.4188624416858943
MORC4	0.4184539815501527
TSEN2	0.4177846365191985
ROBO1	0.4177711733907927
RSBN1	0.4175423824485935
TNFRSF6B	0.4169777377489833
PRAG1	0.41654851517544805
TNFAIP8	0.41583960386832336
SENP1	0.41568355795556644
COPZ2	0.41538834960797966
SCGN	0.41529425960476646
ADAM32	0.41511699554248604
SLC26A9	0.41500419443335296
MAU2	0.4150005171032992
SETD9	0.414949873897097
IRX1	0.4149440072691159
AFAP1L2	0.4149369775822634
BCDIN3D	0.41415485819435194
A1CF	0.4135678917144913
DPY19L4	0.4130792741249941
KPNA2	0.4129479974406862
CAND2	0.41263884974948567
PTPRQ	0.4125453259259481
RTL1	0.41247562920787934
RBM6	0.4122299609474284
ETV6	0.41204716028240124
ARID1B	0.4111837045710194
GINS4	0.41081206876138
DCUN1D4	0.41077504296967643
BHLHE22	0.41074259423737947
HORMAD2	0.41068611636230645
PROS1	0.4093117062093
MFHAS1	0.40916187185376435
CIT	0.4087900961977451
PRKAG3	0.4082153206564725
CHRNE	0.40791330582264307
CIRSR	0.4077384695388117
KIF20B	0.4073053466164
DLGAP1	0.4070957242532986
ALMS1	0.40679939034051665
CSMD1	0.4062212891856471
PKNOX2	0.4059915923559669
RUNX1T1	0.40581987232507016
C11orf21	0.4056021454773653
MMP16	0.405543612878867
MCTP1	0.4049250366713467
ZNF276	0.4047817173453384
METTL15	0.4041805733067597
HSPA4	0.4041322084774204
CBX1	0.40404503300262995
CCDC69	0.40400204603471407
SOX9	0.40397287645782615
NWD2	0.40366617919226166
MDM4	0.403595726404145
IKZF2	0.40352892319938144
CCDC88B	0.4030857589654408
CLDN18	0.4027086198893544
TGFBR3	0.4026678549527098
SMARCC1	0.4024559885050096
H1-7	0.40233345464143494
IGF2	0.4021345078792071
ZNF654	0.40206120022443936
PPARGC1A	0.40186473134756195
COLGALT2	0.4009602588124887
DMXL2	0.4007932476350452
DPYD	0.4005751824006209
USF3	0.40044071246294255
UBE2W	0.4004086521462593
DCN	0.4001680765666633
ELAC2	0.4000705668382094
SRPK2	0.39990286894772825
FRMPD2	0.39986908135777055
QSOX2	0.3991887034932138
MARVELD3	0.3987022056804221
TOP1MT	0.39860223193801986
PODXL	0.3985817951164487
INTS8	0.39849397513721163
CHORDC1	0.39821527304163956
RYR2	0.39771728857558886
SLC35G2	0.3973430305362363
SEC22A	0.3970899537723372
DCLK3	0.3969277725327649
VPS11	0.3967580579102792
KIF18A	0.39675446606641707
NT5DC1	0.39649221730246675
MMS22L	0.3963847643265496
BMERB1	0.3963679872904016
PDZRN3	0.3962619984551256
FGL1	0.3959559525478235
MSR1	0.39582257055584624
GULP1	0.395697401817879
B3GNT2	0.3955631764698205
CNBD1	0.3955576528209051
PARP11	0.39550507511150834
KAZN	0.39542935197697227
HABP2	0.39519670195410406
ADARB2	0.3946997049054077
DYRK3	0.39465151169141893
LRRN1	0.39423755734810506
MYOF	0.3933528676341687
ARL6IP4	0.39271043398344957
DSCAML1	0.3924945238647148
IFT52	0.39231207538950796
ASCL2	0.39191302395998234
KLF13	0.39168589878602217
LHX5	0.39138296095350383
EDA2R	0.3912150565961676
CELSR1	0.3911800421577617
ZNF76	0.39103836588517205
ADAP2	0.3909724489826177
PLA2G6	0.3908834878123594
EPHA3	0.39074278838843673
COL11A1	0.39030977417252277
ATG7	0.3901863560621125
EVI5	0.39009656449499663
ETFBKMT	0.38999935670387276
PLCB3	0.389703495387557
GPC6	0.38934203269432915
CCDC62	0.38926383648697
UPF2	0.3891916961374212
NCF1	0.38911880638002566
NR5A2	0.38887620723385374
ID2	0.3886874021650655
HTR3B	0.38861217726864394
XRRA1	0.3882942107628159
MAPK8IP1	0.3881900527324556
ATP6V1G3	0.3877932549858276
LMTK2	0.38744448377620844
ZNF703	0.38739936038338824
NBEAL2	0.38704486510228125
PHF8	0.3869981937792606
CORO7	0.38677971183659504
ZNF641	0.3866647449807413
PSRC1	0.3864766018854553
CAD	0.3859278514849699
E2F3	0.3856627137986611
NDUFS4	0.3855819751020554
GALNT17	0.3851443312849107
USP28	0.3851147268820319
LIPJ	0.38510608471546326
CBLN1	0.38494565204257963
CRB3	0.3846710594293415
ZNF507	0.38465584051966084
HSPB7	0.38446525538197246
DNAH10	0.3844577581427713
GRIA1	0.384395053631633
NRBF2	0.384181483820747
DMRTA2	0.3830167283968906
NKAIN2	0.3830002767949
MRPS35	0.3824645349386416
TAFA2	0.3824115586387532
XYLT1	0.3824115586387532
RALYL	0.38219581247628026
C9orf72	0.3819861176421804
MOV10	0.38193190933531784
RASA1	0.381924884932809
THOC7	0.381923152459581
PPFIA2	0.3816595270875333
SLC14A2	0.3816595270875333
EN1	0.3812192295362722
EPB41L4B	0.3809352101572527
ALG10B	0.38088582670776805
SDK1	0.37998841833359864
EFNB1	0.37979656495343683
CNNM2	0.3791779026866059
ARL14EP	0.37861191448603254
DMAC1	0.378533549450814
ZNF618	0.3782755662845399
CXCR4	0.3780504713632631
PPP2R2D	0.37759517231531675
PTER	0.37752121566136865
TMEM258	0.37743628394530915
ZFYVE28	0.37739899332243326
MLX	0.3769686370985371
PPP1R13B	0.3766733049791606
SMIM29	0.37611123278579817
CCDC171	0.3753508179634107
AK4P3	0.3752516051664925
TGM4	0.3750957562842627
PALMD	0.37488356120071525
DNAH7	0.3745243164220034
STAG1	0.37390233831509495
COASY	0.37346196855984876
SETD2	0.3734545780527
DSTYK	0.3733200208604427
ZNF385D	0.37316502017827585
WDR26	0.3725530388316172
ZNF891	0.3725132307386244
MGAT1	0.37236957849896685
DEUP1	0.3717485382774983
NDST4	0.37173379042930776
SUOX	0.3714707931758263
SPRYD4	0.37113194766210045
NSUN3	0.3702550071235666
PUS10	0.3702264663521173
ADAM30	0.3699436159277629
PTH1R	0.36928713554986536
MINDY3	0.36928432276923684
ARF4	0.36893126444711394
NFE2L3	0.36833113210870666
SCRN1	0.36771458508914384
FRK	0.3677062146888195
TNFAIP6	0.36669959145049125
GIP	0.36669894418485044
RND3	0.3666304857610949
SLC43A2	0.36646808844473694
SPTBN5	0.36643264559704314
IQCJ	0.36613207213085014
ACAN	0.3657600784956558
SOX2	0.36564734985752123
CDIN1	0.3652904664255098
GDNF	0.36464058274664646
EML6	0.36424434756246077
ORAI2	0.3640469184448535
HNRNPK	0.3636599051952243
SELENOI	0.36354345788898024
CRYBA2	0.36352014487465695
TFEC	0.36349054047177815
MTRFR	0.3630112667379688
HEG1	0.36292041112674134
CCDC68	0.3626160363302062
RNF34	0.36183897724678754
MAN1C1	0.36170597836972407
TNRC6B	0.3615621959087411
SMIM38	0.3612681941529519
TRIM49B	0.3611540392453056
IDUA	0.36114225931097466
PXK	0.3610881208329388
SV2B	0.36106044295076956
TTC3	0.3608562921480533
SCT	0.3608504491738009
DAB1	0.360770522721353
TFPI	0.360770522721353
SOX11	0.360770522721353
CBFA2T3	0.360361387699438
NPY	0.36035914109848516
PLCG1	0.3595267655524047
AGA	0.3592813886445999
EMB	0.3590365164067108
GRID2	0.35899949828765343
ZFAND6	0.358719937701631
PITPNC1	0.3583511962024934
LPGAT1	0.35829824707922947
B3GALNT2	0.35776373131651307
CCAR2	0.3575208687962914
LGR5	0.35665172964750796
GSTA2	0.3563512774695832
P2RX4	0.35609328071499685
MMADHC	0.35576893676130267
PKD1L3	0.3554554996928796
SOX4	0.3554461146985765
ANKFY1	0.35535860596791274
PDHB	0.3553039064058184
ZFHX4	0.35423226170954714
RPL22L1	0.35422782939082925
FAAH2	0.35398905654996754
RAB6C	0.3538058423544948
STEAP2	0.3535974152208636
CAMKK2	0.3535324817482308
CSRNP3	0.35336869729166753
BAIAP2	0.3531730182354376
PPP1R9A	0.35287716274448155
ADK	0.35276394241075315
NETO1	0.35273160474403586
TRIB1	0.35237794627145674
BBIP1	0.3516798064062139
NKX2-2	0.3515440949629537
C2CD4B	0.35119344158449306
KCNMB2	0.351079519627202
NRP1	0.35078343936291473
EIF3M	0.35028974729976636
PTP4A1	0.3500429100663493
RPL13	0.34958142418939364
LIME1	0.34918735218398916
PCDH15	0.34915697274404334
ERG	0.34838696838520056
SLC2A4RG	0.34799882126640763
OBI1	0.34775538363345326
EGR2	0.34772824666979896
MNX1	0.3474403013928414
ALKAL2	0.3473336020452933
CNGA1	0.3472686321721669
TMTC2	0.3464149238100805
PTTG1IP2	0.3459487903478615
RPLP1	0.34583254686630066
AZI2	0.34530854531179594
ENSG00000285976	0.34515447297557056
NUCKS1	0.3449420039868778
CLINT1	0.3441741205370999
ASCC2	0.34401654962798434
OMA1	0.3439721076288388
UBE2E1	0.3438361653951568
CADM2	0.3431188884459921
PREX1	0.34300418497314894
PSMA3	0.34270958784797645
TRIM37	0.34270158231899855
SHOC2	0.3426068030863936
PAPPA	0.3424241271013205
CRNKL1	0.3421409466747625
IFITM3	0.3420799895061666
DHX15	0.34186798465899015
PLA2G4B	0.34185199322859655
ASCL1	0.3415433369813544
DLEU7	0.34106290291133096
BNC2	0.3409933321783432
SYT13	0.34022727748891757
GABBR2	0.33948670390451974
TRERF1	0.339189239142199
ERLIN1	0.33905692476316535
TMEM170B	0.33781718196348925
AR	0.33709044732017607
OAS3	0.33659006678173814
GPBP1L1	0.3365810532013023
YTHDF2	0.33651868737767343
LRRC8E	0.3363730116118552
CYTIP	0.33618613603439745
VAV2	0.3361282453439287
RGS16	0.3360383450703151
RPL10L	0.3360254115134406
PQBP1	0.3359188748993285
C11orf58	0.3354835795769559
PTPRJ	0.3354341203852125
RCVRN	0.33484361753007397
GPR6	0.3348329349526085
RRAS2	0.3344908356042869
ITGA3	0.3343358926095381
FAM114A2	0.3343117188920174
ARHGAP42	0.33393799059238743
SH3BGRL3	0.33333819796178554
CATIP	0.3329070544035198
PITPNM2	0.33278023868713497
SNX7	0.33253806831476235
TOP1	0.3324915328748638
HPSE2	0.332230936223207
MNMIP1	0.33204479446361285
STK33	0.33198412849262543
CNKSR2	0.331718362439275
RFT1	0.33168652955319294
PSMA1	0.33125476061802106
RPS6KB1	0.3308023290184964
NFKBIA	0.3306029250661805
ARHGEF39	0.33038912203235427
ARID2	0.3303349454315536
GBA1	0.330059777579765
POLD2	0.3299925654342577
IQUB	0.32872377472279873
UNC45A	0.32869507035687756
CCM2	0.3279646727197897
ARID4A	0.32793227562937
RANBP3L	0.3279068453924406
EFR3A	0.32789082930177665
ACO1	0.32777353499073786
SND1	0.3270663538753104
HSPA12A	0.32698385475580793
FADS1	0.3268916453761351
TAX1BP1	0.3262411214146504
RPL37A	0.3254394977782136
MNS1	0.32540862513286145
KCND1	0.3252570520395419
RXRA	0.32512120515289245
PKDCC	0.3243529038625139
ENO4	0.3239427542466202
SQOR	0.3230325185057199
CTU2	0.32233770280779944
NBPF8	0.3220793074627214
ERBB3	0.3218200062301624
CCDC71L	0.32108565760257146
RUFY3	0.3209175644821896
ZXDA	0.3205513311955021
ZNF765	0.3199611975901663
CISD2	0.31990595578201797
CWF19L1	0.3197851234063676
GIGYF2	0.31976454753579264
C8orf48	0.319434079782727
RAB2B	0.31887576321044225
HSD17B4	0.3182166394792728
CTNNA3	0.3181580829125015
CEP15	0.31775571078657183
IFNGR1	0.31739684980919347
ZNF469	0.31668786376635155
INPP5F	0.3166766851148361
ZNF708	0.31626497787574587
SEMA3F	0.31571340400012704
USP36	0.31551266943815587
TULP1	0.31550796344010973
MCU	0.31536954383301424
CABP4	0.31482677228990336
TMEM245	0.3143997650830756
GNAS	0.31431751995566976
FBXL17	0.31417507683607804
ATP5F1D	0.31390188381899803
DCC	0.31381362773116245
ZRANB3	0.3137268799459827
DNAJC2	0.3129289216609244
DOK5	0.31289270251798645
PTPN9	0.312884698083225
KIF6	0.3126416612807151
SAXO1	0.3126073414400276
RTN4	0.3123560910097463
SH2D4B	0.31216168755632556
LRRTM4	0.3114813298226017
IL19	0.31144321007740156
ABCC5	0.3109658622314387
SIX4	0.3106282759642203
LMBR1	0.3095658126262955
UBE2D3	0.3092619830211298
USP49	0.30920690000632667
IMMP2L	0.309119862337153
INHBA	0.30886769949794424
AVL9	0.3086389810267435
MDFIC2	0.30844401705544383
PMAIP1	0.30819360981954796
NT5C	0.30814741024405823
L3MBTL2	0.3078810647297929
CDH15	0.3077985303279414
KCTD9	0.30761511076022763
CTSB	0.3075028169480839
HSF1	0.30696648130539084
ARHGAP36	0.3066694729365702
TOM1L2	0.30659720634684945
ITGB6	0.3063752034725172
HEATR5B	0.3054156521918795
AADAT	0.3044404462008425
SLC35D3	0.3042409131847159
SHPRH	0.3039714138986843
CDK5RAP2	0.30369120478306405
GAK	0.3035872813712447
AGBL4	0.3030782994311748
ZNF565	0.3030780820181794
NHSL3	0.30282628832811903
SLC9C2	0.30282135350606637
HIGD1A	0.3019516652888153
NUFIP2	0.30092614630708403
NF1	0.3008963447669584
STK17B	0.30042115303992
SYN3	0.2997034699739898
MAP3K15	0.29904062304527346
MAPK8	0.29882317230452377
CRH	0.29856960684953193
FOXF1	0.29793717962242733
RP1L1	0.29762329866913856
ZDHHC18	0.2975354864661687
ZNF710	0.2961595837951021
FAM234A	0.29548996329338395
TMEM176B	0.2954128226532104
BANP	0.29500936462053956
C8orf58	0.2944238444988361
SMC4	0.2943817439418204
RPP14	0.29398471705223794
SPDYE18	0.2939674934261436
AASDH	0.29385381027198476
RNASEL	0.29335805428913736
SPATA18	0.29327436186112266
ICOS	0.2928329339635936
SOD3	0.29245887037550516
CEBPB	0.29098846532505
GCC1	0.2908240940070672
SORL1	0.2907503484686056
IRF7	0.2906260929155462
PPP2R5A	0.2904178266156767
CDKN2A	0.29029499802395986
CASP12	0.29010771188959017
SNX10	0.2893004030842802
ARFRP1	0.28902346019629965
ZNHIT3	0.2888901730708725
NEUROD2	0.28882970935931834
OR4C45	0.28858714056053064
CPB2	0.2884893846697355
ARPC1B	0.28821322940059263
SNUPN	0.2881086900369249
FAM241B	0.2877409177164087
PRSS27	0.2874949874524137
CALR	0.28747713302054617
TLK2	0.2863628998674186
ENAH	0.286285247192548
VPS26A	0.286264230602989
SPPL2C	0.28581167123558415
DGAT2	0.2850527918040965
ARL14	0.2850210268595755
MUSTN1	0.28470958274361063
ERBIN	0.283969164669897
DIAPH3	0.28352105836854974
HOXC5	0.2830200799443744
EIF4E3	0.2814804415081967
TINAG	0.28136020872464146
EP300	0.2807285545215206
ZNF362	0.28071746343912835
GPR101	0.2806448656164017
FAM76A	0.28000581635181104
SIX1	0.27979116518083075
HTRA1	0.27977881440844576
ACP1	0.2797399719279476
GAS2L1	0.2797382534254254
S100PBP	0.2788137590155743
TTC8	0.2787747615660593
GMEB1	0.2784258217607145
RGS19	0.27792642411019347
FGFR1	0.2769148195601703
GINS2	0.2768164401797346
TRIM59	0.27672840681691796
PRPS1L1	0.27626148659645444
LIN28A	0.2756613611704719
OTOL1	0.27549118114829285
NTAN1	0.27526514001496044
NDUFS3	0.27523541967106585
COMMD1	0.2744471820619494
ZNF682	0.27438108851133625
PM20D1	0.27431831050890354
RPS11	0.2735779467884388
FDPS	0.2735670937531457
ZCCHC12	0.2735377603867685
TMEM154	0.27323583355919867
ZNF251	0.27283814471821227
LRRTM3	0.2726358600437069
ENSG00000289325	0.2726358600437069
CNTF	0.2710570408416169
TPSD1	0.27051349249999107
RRM2B	0.27047327845617086
RMI1	0.26953478978327744
FGF9	0.2695263786180165
KCNMA1	0.26938216586048
PRSS53	0.26932444271019124
ZNF506	0.2689688275206532
AMIGO2	0.26888912754007555
CD302	0.2687508891104763
TMEM60	0.2681444678998676
TOMM40	0.26800811164023663
CKB	0.2678757383917148
CSTA	0.2677081172500341
ATP2A1	0.2673831432012698
PPP1R3C	0.26729342913786064
CD101	0.2668497893675114
CUEDC1	0.2666227601223814
ANGEL1	0.2665847219039155
DDX52	0.26601290714834525
METAP2	0.26554747772169435
SLC25A26	0.2645756899460856
HERC5	0.263366040274968
NME6	0.2631814385240916
KCND3	0.2627925410285019
GYS2	0.26145080796895104
TCF3	0.26124222331128266
SFMBT1	0.2602310045183451
ENSG00000284779	0.2594732505576893
WFDC5	0.2591358537404812
NUDT6	0.25894357006376595
SCAF11	0.2588568222785862
GARIN1A	0.2588062375216476
SHTN1	0.2575646824934495
URM1	0.25644038554079096
ACAD9	0.2557531974154604
SRRM2	0.2554463008546501
CSAD	0.25489488714497055
FNBP4	0.25482971609229194
LRRC66	0.2546190349706807
NFE2L1	0.25457232610617303
CAVIN4	0.2544292428619913
DTNB	0.2538656132596306
KLF16	0.25340865190815665
IMP3	0.25317740579196113
EGR1	0.25315773692895294
SEC31B	0.25315641659794935
CUTA	0.2530914101123134
SLC41A1	0.252796145146759
RRN3	0.2525327195670294
TMEM244	0.252352817401874
PFKFB3	0.25180055668739976
PHACTR4	0.2514101010653428
PJA1	0.2511346931533717
FAH	0.25073196275594734
MAPKBP1	0.2505502417272604
LPAR5	0.25020075522825724
SSTR5	0.24967184793131703
CD81	0.24928764293287892
ATP2B3	0.2487382402934072
PIGG	0.24825708721675335
BOD1L2	0.24724498996459462
EFL1	0.24716302878821028
AARD	0.24662657324108175
OR4C12	0.24587188081901487
PHTF2	0.24539901196258973
OPHN1	0.2450278372748417
ACOXL	0.24488248414996522
TRA2B	0.24485551897131805
TRIM63	0.24418536707604552
FBP1	0.24351146882333197
BPNT2	0.24264632816123544
SIN3A	0.24230474028740573
ZNF716	0.2418576444025346
PLEKHA3	0.2417738498105429
CFAP221	0.2415528495006802
MRPL52	0.2415000181427888
BMPR2	0.24133650041976157
TEAD3	0.24080820999130517
CLEC16A	0.24019436251643572
MST1R	0.23968012869621114
PHGR1	0.23865090190389135
TPSAB1	0.23824305823519296
PPARA	0.2381834372506315
MAN2C1	0.23809689388595745
GNPTG	0.23798968603619705
PPIF	0.23727263621359704
MAPT	0.23700405173395425
DGAT1	0.23687010240372997
GCA	0.23655009154870132
TUBD1	0.23652238384773586
SH2B2	0.23554530719905062
DNLZ	0.23534478815336538
THY1	0.2351258314715401
RGS9BP	0.23506495583281745
TRIM32	0.23498739374669497
MARK3	0.2338655857198904
JMJD7	0.23368289312688015
ZNF729	0.2335535550417816
PDIA3	0.23302525731589827
WNT6	0.2328902731612567
ESM1	0.23279831664887898
EHHADH	0.232783817793928
ZNF738	0.2326931612300855
UVSSA	0.23263685538605505
POLK	0.2318909370919411
BAIAP3	0.23132145734749332
DOC2A	0.2308488841590482
FSHB	0.2303134994978519
BGLAP	0.22914503549778678
EVI2B	0.22892460579742147
GATA6	0.22803746122802732
RAB19	0.2278074020433547
SCAMP3	0.22721291297504648
SH2B1	0.22685592497719803
NOM1	0.2267677178123191
TGFB1	0.2263349368196535
TARS2	0.22631303193696148
CDC7	0.22577616678022666
DCUN1D5	0.22562852976801206
ADAT1	0.2248861323301525
LY75	0.2248510631610446
NOL4L	0.22456235002669653
SKOR1	0.22450355038221692
NCOA7	0.22425316764629633
CAPZA1	0.22425248215494856
ZNF146	0.22314385705571116
SLC2A13	0.2224138068642175
TMEM176A	0.22220471825850116
PTPDC1	0.2220701494296902
CENPE	0.2210675080927589
ARL4C	0.2206121008415857
SGCB	0.2200028782997598
CDHR5	0.2198525141887743
KDF1	0.21980912217843482
CHD4	0.218911371957559
SPTA1	0.2188520882902665
ANKRD27	0.2185615520573629
CD24	0.2185597221646513
EPO	0.218511598244764
RAB30	0.2177958053696808
RAB11B	0.21754324393998034
SEPTIN14	0.21706793597647991
SUGP1	0.2170105318907389
SMG6	0.21629284744996777
C1QTNF4	0.2161287821682854
OGDH	0.21612400814126057
CTNNAL1	0.2160277304197808
MYO1E	0.21559794116329917
SYNC	0.21557634480575233
TMEM51	0.2147574044051864
INKA2	0.21474001061064513
IGHMBP2	0.21421563160302332
EML2	0.21405245161680847
YIF1A	0.21396701757802128
PSMC3IP	0.21396123188153476
SH3GL2	0.21357567418623297
FSD2	0.21337427275202153
CERT1	0.21312133090997157
PCSK6	0.21223289529090886
NAP1L5	0.21193845719931628
CYTL1	0.21180216391144702
B9D2	0.21171441965003818
PDLIM3	0.21118938035109688
STK11	0.21108736433569586
CKMT1B	0.21089757637899073
PDXDC1	0.21058624216479177
DPYS	0.2105304134202432
TRPV5	0.2102229302658345
RNF169	0.21011799226003644
SBNO1	0.20890366500305274
ZNF492	0.20837278191015668
NBDY	0.2083277499289323
DUSP6	0.20750394522713772
CDK11A	0.20749847366675253
TEX29	0.20705866529473116
GSTO2	0.20638446759587803
FRAT2	0.20637684135125686
GRIN1	0.20633727085811837
STX19	0.20629146969035025
DNAH8	0.20565059002977717
PLG	0.2052200987104978
TAOK2	0.20518329196364535
GNA12	0.20495052018446694
IPO9	0.20471587892340676
SLX4IP	0.2045699568537024
ATOH1	0.20442093836307929
TMPRSS5	0.20425947297846736
DHRS11	0.20304660740679226
IL20RA	0.20279261395827505
HYOU1	0.2025229110231327
KCTD13	0.20202296587686536
FRRS1L	0.2017321726612979
SPATA31H1	0.2017153959396942
PTPN2	0.20133070251692256
FCGRT	0.20119329297436836
SLC16A13	0.20115357931666702
UBE2Z	0.2011441723588926
MLLT3	0.20103313182112634
FAP	0.20084037506480498
TAT	0.20079537736890543
AGBL2	0.20058432798138603
PTRH2	0.20005919884860288
CCDC77	0.19860319590792802
INA	0.19846306134259506
CCDC73	0.19844411856655655
USP3	0.19827232290517974
SNX33	0.19792866472924595
CGGBP1	0.19769876407488252
ELOB	0.1974492283093686
PRDX6	0.1966571202959896
PLAU	0.19627077067184912
PKLR	0.1960270790758558
EIF2B4	0.19600790697386225
CCNL1	0.19599950033803865
LSM5	0.19573965557299103
UTP23	0.19565994540117923
PPM1E	0.1951628588960941
KRTAP5-6	0.19498318039204146
MACIR	0.19482849887062156
LLPH	0.1942893244806489
HTD2	0.1940430732630909
NPC2	0.1928958165922266
SREK1	0.19264351334045823
AMZ1	0.19232041951148782
DCAF12	0.1921726962540091
SERTAD4	0.19204652443161002
MANBA	0.1919896481313602
SLC39A13	0.19096444491809944
CELF1	0.1905251020086803
RNF123	0.19039489319901143
SPC25	0.19038609326017786
FAM117B	0.18993230987522317
TEX15	0.18912866678558704
ANGPTL7	0.1888551485129193
GIGYF1	0.18873743284341687
TXNDC17	0.18855183700181502
TMPRSS3	0.18845949083200272
NOP58	0.1881532895398341
RGP1	0.1881178353685468
MTMR11	0.18714474688949662
DHRS2	0.18707031237990224
SSTR1	0.18683993336535332
STRBP	0.186809246931474
NEIL1	0.1866682091750839
LRTM1	0.18654221549800365
TMEM69	0.18573925113914477
MYO6	0.18550057696452793
RPGRIP1L	0.18528884186491354
ABL2	0.18501364432574538
PNPLA7	0.1848234577785486
BOLL	0.18451523862201605
SLC26A5	0.18382783308369008
SPIN2A	0.1832054770606554
STRC	0.18211200745897496
TUBG2	0.1818249004420498
CPT1A	0.1817303955634512
NFXL1	0.1816064339205523
WHAMM	0.18103177740282925
OR5B17	0.1802368769912901
BHLHE41	0.18017263761615873
THRAP3	0.17942790135301506
MYF6	0.17935535788353726
LRRK2	0.17826789658057451
PROP1	0.1780531083941127
BIN3	0.1776868241147673
ARHGAP12	0.1775363358217063
BAMBI	0.17675022478345148
MOGAT2	0.1766447975984137
ABHD13	0.1765372868721696
SPATA31C2	0.1760677472730221
MSL2	0.17569191650731564
RRAGB	0.17561529145358903
RCN3	0.1755707411654509
STAT3	0.1750545302432827
KIAA0825	0.17496796363559916
ZCWPW2	0.17492444480101232
FBXO38	0.1747633598891424
ELFN1	0.17475250933245812
ICE2	0.17461070652500182
MYF5	0.17420140164918413
IL17RB	0.17414348322981613
STH	0.17366956187305388
SNAI1	0.17349961288237872
MRPS12	0.17296754666457445
LKAAEAR1	0.1728328457255884
EHBP1L1	0.1719121813123855
MAP3K19	0.17188714901924473
KCNH3	0.1716085705010902
GATAD2A	0.17099123762413765
SLIT1	0.1709540455715671
ARL4D	0.17086594885607911
NDUFB8	0.17032295650289475
DRC1	0.17025735099916198
PURG	0.1701321209338447
PALS2	0.1698717260220974
GSDME	0.16946848379824625
WDSUB1	0.16945442442454126
SPIN2B	0.16943378352665148
MIP	0.16914209253884502
KMT2E	0.1691296456448562
LCE3C	0.16893106152071063
SLC5A11	0.16864864770143348
SPG7	0.16863583530439052
GRM1	0.1682714803163633
BNIP3L	0.1680651010304438
MTUS1	0.1679923582657202
TIMP3	0.16798636129059605
KLHL9	0.16781362666572058
RBM43	0.16745519175985304
MYBPC3	0.16733021566452036
MARCHF7	0.16732185205835212
CCNE2	0.1672492740911032
TXNL1	0.167046190246251
TSNARE1	0.16661392363914426
BCL2L14	0.16646726045597174
PACC1	0.16562273213114584
DCAF7	0.1654461304990859
ZNRD2	0.16537651747998766
FARSA	0.164954580554603
SLC24A3	0.16452668641194135
ATXN2L	0.16444119028394505
RIMS2	0.16419253015556112
TMEM150C	0.16352826277885818
MYO3A	0.16347050792005133
IL23A	0.16330528738019529
RPS26	0.1632386050027195
SIRT2	0.16321387427448844
KCNH8	0.16317010179140692
CAST	0.16302187415942737
SLC35A2	0.1629887668972588
RRAGA	0.16289736975550115
SELENBP1	0.16262598953482418
MAFA	0.16260767248995853
PSMD7	0.16256563931084053
CALCOCO2	0.16251322772988422
C1orf185	0.16197110551999008
GPN1	0.1618070853697575
KCNRG	0.16172318207126804
CSGALNACT1	0.16154496343005453
NUMB	0.1613939644429261
TBCD	0.16138870274647402
PCGF6	0.1602401151759189
GAP43	0.15944672606141208
FAM221A	0.15923764423642275
TIMM17B	0.15918519857270813
TREM2	0.15895705464806045
OTUD7A	0.1585475210356538
KIAA0753	0.15834617848412863
ANKRD11	0.15827836974377346
RBM26	0.1581471550045548
RNF19B	0.15811122750705867
PACS1	0.15791585248931453
DCK	0.15787994863318786
RNF217	0.15735705806138361
PDGFD	0.15733357745787632
SEC24C	0.15717200336676668
CDK2AP1	0.15712553940580687
PC	0.15701969197515017
NNMT	0.15692764927764402
ZNF589	0.15660653028338214
GNRH1	0.1565572318866666
INHBE	0.1564732742349283
SCG3	0.1562256357375074
TBX6	0.1559775363698305
SPIRE2	0.15555783869988712
GDAP1	0.15509573036247973
GCLC	0.155069456641135
LRRCC1	0.15472453092387267
RPL8	0.15445754776547485
TMCC2	0.15398018129849156
NOSTRIN	0.15384181604464492
XPO1	0.15330991515130593
HPS1	0.15287648422715072
CASTOR2	0.15275518589344597
TYRO3	0.15268100503234627
TPRG1	0.15255105320847934
CCDC12	0.1523869313088294
SWAP70	0.15206007197736673
SNX17	0.1520100572048312
MAP7D3	0.1502758624467203
TGFBR3L	0.14985339640913553
PIGP	0.14921963387938342
CORO2A	0.14916841386884883
HIF1AN	0.14841862237606107
AEBP1	0.1483465170818415
NPAS3	0.14828367293100675
SIAH3	0.14825295342190192
OLIG3	0.14822718432014578
VASN	0.14790462949422653
DST	0.14719714043044696
ZNF735	0.14667992397317486
TMEM175	0.14612076492553286
C1orf105	0.1456283819266485
PGPEP1L	0.14527320867180174
KARS1	0.1451973122862849
HRH1	0.14466561068819175
CDK8	0.14448233589306114
NSRP1	0.14441169042726984
KIF27	0.14417142189068646
RLIG1	0.1437212411070077
PDSS1	0.14348763990228444
NME9	0.14334673514386606
FBXO46	0.14282501944543838
COA8	0.1426172043278615
C1QTNF8	0.14231755033746174
LRRC17	0.1420417927012094
APOA5	0.1418754047757394
GRSF1	0.14186444641654478
NEDD9	0.14159981568627217
OTULIN	0.14144416674944446
PRELID1	0.1414100532705613
CCDC60	0.14136728342877647
CHDH	0.14129457576719273
SLC9B2	0.14127360107492973
LCE3A	0.14061351710303044
HPCA	0.14034158326954901
ZNF34	0.1403379053663762
LIG4	0.13981981019824752
HJV	0.13980878554760384
ATAD1	0.13972406554591926
GNG7	0.13925841360852745
OPTC	0.13907496233475186
EIF2S2	0.13900674064552213
GXYLT2	0.1388978041241654
MFAP3	0.13886907013635275
ZNF43	0.13830284994554456
ODAPH	0.1382175443634308
BTBD9	0.13798019901251266
UBXN11	0.13789708893174876
FGF8	0.13774655081487627
PCED1B	0.13759065663827247
SAYSD1	0.13726753746709974
RCC1L	0.13722356385435025
ENSG00000288914	0.13711028262485228
ENSG00000289360	0.13711028262485228
ADGRF3	0.13673935340744808
CRPPA	0.13671945979627217
APOC3	0.13663766300826938
ZDHHC6	0.13632206992764156
RBBP5	0.13614117050430005
RNASEH2B	0.13613565808823835
DTD1	0.13602194940518908
RNASET2	0.13565763316639612
PIGC	0.1352327792981469
TXLNB	0.1351340607383402
PDHA1	0.1351023014933613
PGR	0.13481356797654487
ITCH	0.134775674703215
HYPK	0.13447641024443205
LRRC4	0.13436533485095026
CAVIN1	0.13428817135531942
AKNA	0.13426124158522823
ZPR1	0.1338664082619194
LCE3B	0.13376851806072343
AMHR2	0.13375951353916238
LMF1	0.1337440024807691
TCF25	0.13335710926123115
ENSG00000285043	0.133287838058643
L3MBTL1	0.13318442987032847
ITGB7	0.13308879444823626
ZBTB26	0.13297204433022902
MTIF3	0.1327152336276998
CKMT1A	0.1327040046491021
RAD23A	0.13255337644675233
KLHL31	0.13214521412152005
UBA7	0.13204314921073954
ZNF676	0.13187332445005331
RFLNB	0.1316715434552782
TMC6	0.13166733922518806
MCC	0.1311298875063093
RETREG3	0.130679064376669
FEZF2	0.1306618245037558
LEPROT	0.13036546993422293
NDST2	0.13020349680345242
PLCL1	0.13010324295938291
ZNF503	0.13009251631349705
NR4A2	0.13000405733908915
CPNE7	0.13000350474772573
CCDC158	0.12984519977806314
KIF24	0.12950746793975923
LRRN2	0.1295068949659275
TRPM5	0.12894693856498235
REEP2	0.12886271781201475
RASA2	0.12788158272198946
CEP76	0.1277901861009184
SYCE2	0.1275782171130463
PLPPR3	0.127306677716814
FEZ1	0.12649689583868087
QNG1	0.12639262818961877
EIF2AK4	0.12638945758343528
IKBKE	0.12578664364445588
TTC17	0.1257175698976587
KDM7A	0.12567779237836835
OR4S1	0.1255586047624943
PRPF18	0.12540220454707818
PAH	0.1253513043022426
HMGXB4	0.12514899867908919
PAN2	0.12511920856927677
FARP1	0.12486226151180899
HTR1A	0.12485349818278975
ARID1A	0.12475306243777222
CAMKV	0.12443155447807319
PDIK1L	0.12439160616124739
ZXDB	0.12429095564540624
PMF1	0.12414175144784953
NR0B2	0.12410467234089319
KIF5B	0.12409241681563472
ZNF100	0.12329176077878538
OCIAD1	0.1231920482653946
CRLF3	0.12311793553458254
REXO1	0.12307134574143515
MYL2	0.12306214192462828
SAE1	0.12304854864261401
STK31	0.12284482857681321
DEPDC5	0.12283162906018158
TEKT1	0.12278080950853154
GPR21	0.122757570836116
BDH2	0.12262526082734754
ARL13B	0.12208249255549702
SMARCAL1	0.12195392447475731
POU4F1	0.12176511940596906
COBL	0.12168573648600976
KNL1	0.12165180194097182
CHMP2B	0.12138634194807542
PSMB4	0.12125140873324838
CAMK2N1	0.12116297312565047
UGT3A2	0.1210124084391384
PDK2	0.12063268758373118
DENND6A	0.12023030142354955
IL22RA2	0.11965358287944787
ANAPC1	0.11957810999632842
EGFLAM	0.11952425272086477
MRPL21	0.11950315913086988
BOLA1	0.11870256974595012
CHST14	0.11861939795160159
FOXR2	0.11845793369934901
GPRC6A	0.11831346163152114
CYB5D2	0.11818813986061624
OMG	0.11808035562582746
CDS1	0.1177776364696828
DHX30	0.11724408888847049
SIX6	0.1171633468856543
ABCB9	0.11712339487293338
KPNA4	0.1170504232564976
STX1B	0.11692735640269991
GPR27	0.11691505218598934
C17orf58	0.11685941119291209
POFUT2	0.11682209001268999
ARMS2	0.11674791267911931
ZBTB6	0.1167065633145985
CD68	0.11667481082603039
SLC5A1	0.11630978346556486
ENTREP3	0.11622886003361707
IFNA14	0.11620789830057775
OPRL1	0.11564383840166358
RPL27A	0.11549267537877628
SLC35E2B	0.11542179632119774
EPHB1	0.11541106155454799
HSD17B1	0.11522951301390189
CEP78	0.11506983173239041
NSG2	0.11486164079732664
SCYL1	0.1147872165733297
PSMC2	0.11476174182209602
PANK1	0.11476036257695178
FBP2	0.1145416241548932
CDCA2	0.1144511877091268
TUFM	0.1141409780095451
PSIP1	0.11399020421723723
RFTN2	0.11397291988409991
MAP1LC3A	0.11372359020798792
GTPBP10	0.11349727347097116
MYRF	0.11344939403375863
TSSK1B	0.11341894930700527
COX6A1	0.11340064358573314
ELL3	0.11328478284163303
IQCH	0.11307355479297154
TMEM81	0.11278051279369375
ANO6	0.11268162257432056
CA9	0.11243011197409808
CDHR4	0.11221089852729164
RAMP3	0.11158821638476381
FANCA	0.11150492569268339
LCE3D	0.11143721626527603
MINK1	0.11134662525245817
FNDC4	0.11124251489174461
MYPOP	0.11123675015988871
NPIPB2	0.1112077672989924
C14orf39	0.11116058314048695
ENSG00000289653	0.11107508774474967
SRR	0.11091493363226648
SEC14L1	0.11033352598809132
MGA	0.1101795392079058
ZNF727	0.11016385326290161
MOB3B	0.1101180697096123
DEF6	0.1099553564649953
CHADL	0.1098697478333229
LDLRAD2	0.10977108418791204
TMEM91	0.10961179637311057
TOMM20L	0.10947986870799342
RPRD2	0.10944501342898522
SLC35C1	0.10933386502977971
ZNF239	0.10930278003559474
TNFSF13B	0.109280178142944
NCK1	0.10897959391933718
CYP26C1	0.10893246229224023
RPH3A	0.10882413626726326
GPR139	0.10879699587833275
STOML1	0.10872398134736483
NT5C1B	0.10858494042098418
OAS1	0.10856495619715482
R3HDML	0.10844558809130059
DCT	0.10824430486730502
MLF2	0.10816293805376236
ZGPAT	0.10802022479164237
MTRF1L	0.10800783454320435
ASIP	0.10797660379307851
FAM25C	0.10784673802852227
HMCES	0.10759797226736718
MICU2	0.10749677104742822
FDX2	0.1071165836599683
CARD9	0.10679808203130714
GLRB	0.10677829293679666
SPI1	0.10668625087099809
PPAT	0.10662179697672554
MED31	0.10616513003868291
STX4	0.10541713931180789
RC3H2	0.10534576387100089
MPHOSPH9	0.10501860797532599
DNAJC19	0.10493673415850556
BEGAIN	0.1048389651197602
DTNBP1	0.10461339687227461
GSTM1	0.10454746864612674
OAS2	0.10454575651878767
MAN1A1	0.10443311846940119
BCL7B	0.10431984743113736
IPP	0.10391188125570824
SYNM	0.10390728928690356
GRIPAP1	0.1038504065988888
ITPR2	0.1034592495482409
CNTNAP4	0.10336906303422855
ISCA2	0.10328311469475078
ZNF10	0.10313145780683929
NOL11	0.10312002777154788
IPPK	0.10307522031201934
PRKRIP1	0.10305950744202613
MRM1	0.10296811723514171
TFAP2D	0.10230699940899524
FGF23	0.1022859000415454
C5orf47	0.10210273198342533
ZNF777	0.10206886028433138
STOX1	0.10202032339927952
OR5B3	0.10184349416298999
TTC12	0.10183310363358301
TSSK6	0.1015489539074204
GCDH	0.10132545907294417
KMT5A	0.10120686361797358
ALG6	0.10118175241700049
KLF1	0.10110410056137005
PRL	0.10095552513637249
SIX2	0.10092054570674318
MON1A	0.10079140131800253
NAPEPLD	0.10072930691461929
FAM177A1	0.1007049294825058
DYNLRB1	0.10066480772597268
TTLL8	0.10063744992404675
GALNT12	0.10059859640998702
KBTBD6	0.10045801852596806
WBP4	0.10042479283788398
KIF23	0.10042070728534472
KCNH6	0.10008972317641485
KBTBD4	0.0997996036517525
ELAVL1	0.0997784964734454
ZNF740	0.09957954546487004
LYPD6B	0.0992632910863811
GRHL2	0.09925052713177393
EIF4A1	0.09914852420141428
CLIC6	0.09872263931997574
SULT1A1	0.09857040354857488
PDX1	0.09851259118975823
DCDC1	0.09847148314823019
BICD2	0.09791149861062112
SCX	0.09790066419634846
VGLL2	0.09784552282538052
SARS2	0.09750999116129606
IGSF1	0.09747870180770263
ELAVL4	0.09729333845771916
BCL6	0.09717433493768299
TTC1	0.09697566588658608
SAXO2	0.09695865898148982
KLC2	0.09654329145370559
RIN2	0.09638974352567753
FBXO5	0.09626488838834167
ZNF517	0.0961040266141728
RBMX	0.09608870805686924
MAST1	0.09590994022137038
KCNJ8	0.09590051798502641
SPINK8	0.09583088342090425
RAPSN	0.09572359916653042
SDSL	0.09561063499765078
BCAR1	0.09550571344251774
LYPLAL1	0.09512001301300906
RBM19	0.09459887644675578
ATXN2	0.0944075733932387
SENP2	0.09414177370700598
DMGDH	0.0941281600431525
ATOSA	0.09399583847425325
AQP10	0.0935677412142778
PFKM	0.09350740885640835
CNIH4	0.09350073246567345
NFKBIZ	0.09346514014654529
NDUFA13	0.09319563862095032
DLC1	0.09313373310139773
FEN1	0.09305404136187982
CCDC184	0.09286126649284153
UBE2H	0.0928338271610423
HCN3	0.09272734411381833
C3orf38	0.09270143170569539
SYNDIG1L	0.09264825497820184
LRFN4	0.09225111503889451
SOX6	0.09211980664852479
GNL3	0.09196899450068932
CREB3	0.09169678663624489
COMMD4	0.09159170708370147
CATSPER2	0.09136997690715451
G3BP2	0.0911849892733747
GOLGA3	0.09117049998056935
CDX2	0.09097789018436093
MCMBP	0.09071874218770204
FAM227B	0.0904978332315591
MARCHF2	0.09042261739401238
HACD4	0.09024021694971474
CDK12	0.09014429461166829
TIPE3	0.09014273779496329
APOC2	0.0900871731229375
APOC4	0.09008167924367086
IFNK	0.09006953868942112
LUC7L	0.08972363348131998
GARIN1B	0.08953131470146483
PHETA1	0.08938459716504345
CSTPP1	0.08933587853631572
ELP1	0.08928615437248409
YIPF6	0.08925434866302648
RAB3GAP1	0.08906369558377701
ABCF3	0.089060917654653
SEC61A2	0.08904063754911859
ZNF280D	0.08901446059918512
UBE2L5	0.08894637975791056
LRRC37A	0.0889435961669898
PDLIM2	0.08885041796468977
BANK1	0.08867612974278441
NAT8	0.08867022335640834
WNK3	0.08864057026207744
APOF	0.08854251133933816
TNFRSF17	0.08853126037032184
BHLHA15	0.08848407222465332
SLC71A2	0.0882331054702055
ORC5	0.08819583090544339
HMX2	0.08801682483411878
CMKLR1	0.08776356413547098
ASZ1	0.08772009233084521
CHD2	0.08771733103536823
RAP2B	0.08768957728257332
NPTX1	0.08763072023996012
PRKAB1	0.08762139928686924
PSMG2	0.08749546847105855
CALCRL	0.08745379764693294
CLIP4	0.08731000612707515
PLA2G10	0.0872673342343742
SPDYE6	0.08725472685990177
SCN3A	0.08711807868210728
TOX2	0.0870446403238296
USP46	0.08701205520513965
SLF1	0.08679298896504888
INHBC	0.08672725776942812
PBRM1	0.08666091962919512
MGRN1	0.08661182052772538
TSKS	0.08627784699010824
CMTR1	0.08584481465644467
INHA	0.08581040904991662
CHD8	0.08576963505439719
OR4A47	0.08558151846009449
ZNF140	0.08557889818055572
FAM3B	0.08552539967427986
NACAD	0.08545273598598427
MNAT1	0.08545257103897211
GUF1	0.08535332526302641
DRC3	0.08529965054811513
DTWD1	0.08528705067552339
STARD8	0.0852490668134454
RTN4IP1	0.08515854147746993
FMR1NB	0.08507819775060112
GIMAP7	0.08504209870066329
DDI2	0.08474172452971611
MAPKAPK2	0.08467207990017749
COQ10A	0.08464028211723533
RIPK4	0.08404570400144591
DNASE2	0.08398639554806539
TTF1	0.08396410568332477
ELOVL5	0.08380290747261089
ST7L	0.08373029209831429
GLDN	0.08323245257426058
SPRYD7	0.0831723537340529
MOCS1	0.0830154744048135
UBIAD1	0.08294977944469199
RBM5	0.08284904148554538
APBB1IP	0.08284288528811466
HTR1F	0.08262688491096738
METTL16	0.08262314359567088
MSANTD1	0.08240551347032732
ANHX	0.08227738446192603
OR4C15	0.08207923063433395
HKDC1	0.08201840028998537
FGFRL1	0.08194498150672906
CRYGD	0.0817834402540406
KLHDC4	0.08164077203465925
RNF146	0.0816168233363663
DNAJC30	0.08158967998073133
SLC45A3	0.0815817081708986
N4BP2L2	0.08148219710114633
SNX13	0.08144442797649494
SLC1A1	0.08137062459752127
POFUT4	0.08112737865909422
GLYAT	0.08112014944045862
SDR16C5	0.08023527669321494
SENP3	0.08016702898620821
ANKRD31	0.0796417682481049
C15orf61	0.0795531383558657
A3GALT2	0.0793419013741471
FHL2	0.0789582761436968
ARB2A	0.07893094551839529
CCDC32	0.0788906372685679
MIER3	0.07859065454795758
LNPEP	0.07845245619129755
CTAGE1	0.07834984587596366
CFAP54	0.07831213378012998
ADGRG6	0.07828940451019248
FLI1	0.07825346800359015
SULT1A2	0.0782043728024693
FGF6	0.07806957624202693
ALKBH3	0.07806163675129639
ARHGAP18	0.07792990361640043
FABP6	0.07788382112024239
APOA1	0.07783091729135248
ANKRD52	0.07780863585639815
DNAH2	0.07774560986726751
HMX3	0.07768828530747036
ANXA2R	0.07767979714177348
WNT8B	0.07763512783008579
CCDC88C	0.07762630561838028
NPM3	0.07757186064841334
DCBLD1	0.07752613144837289
MYH16	0.07744622311367462
CNPY2	0.07743946292834773
RFC5	0.0773569236784039
TSLIG3B	0.07730392077396027
SHISA4	0.07718065993390326
PIK3R3	0.07706841544230018
HOMER2	0.07704670484227659
PLA2R1	0.07701771908505667
PRELID3B	0.07700524187151714
NQO1	0.07692006554696514
MYO18A	0.07691983907509489
LBR	0.07687747977648372
EBPL	0.07681972944957051
NR2C2	0.07680822220938945
NUDT1	0.07674180500845562
SMOX	0.0766934045727056
ITGA8	0.07665957930034505
NEU3	0.07645775492991592
EPHB4	0.07643275243544057
STAU2	0.076242705168444
FOXC1	0.07619603497778267
ATAD5	0.07610050914291211
ZNF208	0.07586850577146587
NUCB2	0.0757824358807608
SPDYC	0.07573699914397725
ZNF512	0.07556598570531567
KPNA3	0.07549253181891946
LUM	0.07546116093545273
RGS10	0.07536891667798207
CYP26A1	0.07519965839631491
SNORC	0.07511471785665974
PARVB	0.07511469973891012
MEP1B	0.07484180566469883
ABHD6	0.07483834517452144
ZAN	0.07483462933731035
AP4B1	0.07475751283459257
FAM222A	0.07472778613690384
SNRPA1	0.07468847514966621
SLC30A10	0.07468399432378274
ZC3H11D	0.07458446567853617
KRABD3	0.07452124039415972
ZNF778	0.0745150543150239
C1orf56	0.07437497580147882
CS	0.07419582522851924
DNAH12	0.07418241469672252
GPR152	0.07412418877888179
TIMM44	0.07410993463936838
ADHFE1	0.07397945513604377
TM6SF1	0.07396107467905445
MST1	0.07390281592279253
ANPEP	0.07381491569862327
CSPG4	0.07351947717925811
PDS5B	0.07350027277560088
FAM120C	0.07349818303584035
MTCH2	0.07346877012750962
RNF114	0.07332927591138978
ESYT3	0.07323965147107782
MYORG	0.07319084384834142
QPCTL	0.07311311757011299
RBM17	0.07308697026033352
CEBPA	0.07308446548131735
SAXO4	0.07306527425516378
MRGPRD	0.07303211594246112
MMAB	0.07298100407224455
EPRS1	0.07271517823094975
POP7	0.07269033610820308
FANCC	0.07262411158135831
ACSM5	0.07255203042904008
C15orf40	0.07254724702859619
ECM1	0.0725466219662343
SPMIP5	0.07249743680545387
ITIH3	0.0724797402935127
ASXL1	0.07245753246191619
BLID	0.0723478113702185
FCGR1A	0.07224932215092575
MYT1	0.07216318244271762
PTPN11	0.07212018449343235
PTPRB	0.0721159992150296
GNB5	0.07200229909081222
PRSS3	0.0719850543902522
FOXD3	0.07194340508095427
ANKLE2	0.07193202713419301
HAPLN3	0.07162581451843086
BUB3	0.07144536626165475
NIPAL1	0.07129952290665252
ERAS	0.0712838295384037
PIGW	0.07121402977563394
EZH1	0.0710011960414124
RNF121	0.07098065504278092
BCLAF3	0.07087568986035843
SLC25A12	0.07083837635501639
CCND3	0.0708116164388279
DNAJC14	0.07076899443284725
IRF2BP1	0.07062703280570107
FBXO17	0.07047555030112967
OR9Q1	0.07034878493647712
FAAP20	0.07029140602343112
RTBDN	0.07017273929285864
PDAP1	0.07003960100977731
NT5DC2	0.06997085773828227
CCER2	0.06980541437526944
PMPCB	0.06976904412526698
STAB2	0.06975159018986239
GNAT2	0.06971362192917992
RAB1A	0.06960896018301295
JRKL	0.06949350033017379
STIMATE	0.06940892667494843
LDAH	0.06922639487696604
METTL25	0.06917213674629205
NAALAD2	0.06911176840455878
LRRC37A2	0.06907558103059154
MERTK	0.06904603783802656
POC1A	0.06902619147894822
SUMO2	0.06874960817797059
AATK	0.0686894119548587
PTPN14	0.06848880108392834
TMEM160	0.06836401897960602
CRHR1	0.06835102561284978
ANKS3	0.06831266693982654
FIGNL1	0.0682869533236786
TBC1D2B	0.06827155776593914
CEP55	0.06812074108866628
CHMP6	0.06800630938206743
LSAMP	0.06797077493908389
ASB8	0.06790483186644676
EFCAB5	0.06769716169086686
INTS7	0.06758908931438457
AIG1	0.06752103199334353
TRIM51	0.0674201775346789
SNX24	0.06736216349385456
MED1	0.06703105079922946
CLN3	0.06697910997905894
EGFL7	0.06692595212422123
FEV	0.06670778761962717
BPIFB1	0.06665404810953605
OR5L2	0.066647616308421
SFTPA1	0.06659431689318308
TRAFD1	0.0665403234984432
LIF	0.06649224326875416
ICAM5	0.06634648798614591
USO1	0.06631807029586721
RAB24	0.06628396702928593
LDHAL6B	0.0662009299857002
PKP2	0.06615281750518434
DPY19L3	0.06583740186901571
CCDC141	0.06564498683861571
GVQW3	0.06560462049246273
HEBP2	0.06549469856425232
TRAIP	0.06540710886926585
BLOC1S2	0.06539242536173363
LCTL	0.06538282753105416
CMC1	0.06537960257162184
OR10AD1	0.06527139431201741
C6orf58	0.06514167140402966
AP3B2	0.06513076433946828
UQCR10	0.06495948273609423
ASB15	0.06489309117051795
SLC26A1	0.06486103634200306
AK3	0.06482986353518733
ZNF582	0.06482950239878975
MTCL3	0.06480455580722654
FAM161A	0.06477883158254048
TLCD3B	0.06472649959512296
CYP2F1	0.06468322874723405
MEIS3	0.06468322874723405
RNF212	0.06468322874723405
TSPAN11	0.06462586342250025
CNTN1	0.06461190655877098
NUP54	0.06455662191289067
ANKRD18B	0.06443953595597252
UBLCP1	0.06435302483389718
SH2D7	0.06427687479988568
CLGN	0.06424471756834013
UBE2R2	0.06391043085787175
ARRDC5	0.06387114931197725
TTPAL	0.06382538500879692
STON1	0.06379793208868546
LHFPL4	0.06359625561696938
SAT2	0.06345404134787017
BTD	0.06335153785176843
REP15	0.06324001863632982
SLC9A8	0.06323047624407692
GARS1	0.0631614861182433
NRXN2	0.06309386275014664
GRAMD2A	0.06308676965117048
OXCT2	0.06303367936044074
CORO1C	0.063023392190279
ZNF365	0.0629934385275146
STAT2	0.06289836317287387
LMBRD2	0.06280385759377878
GLT8D1	0.06279360634457201
FGF10	0.06265913085078374
KCNJ13	0.06251277669602723
SPMIP4	0.06249916120718793
STARD4	0.06248461718368061
LIPF	0.06247662046194216
SC5D	0.06245126693606791
PTPRC	0.06240355837188149
TBATA	0.06240012568741706
MRPL13	0.0623867122618131
MRPS33	0.06236931184611507
RPAP3	0.062368337466620544
KIF3B	0.06201185262510076
FBXO21	0.06181980900856796
ZNF557	0.06169358264696661
PPIP5K1	0.06154128710838102
H1-10	0.061533729742070845
C8orf74	0.06149352645566444
SETDB1	0.06145988179462042
MLNR	0.06145590041914146
CSNK1G3	0.06123393873618957
VCPKMT	0.06110500037394199
DNAJB6	0.06110356114520656
ATP5MGL	0.060995138869684745
IFT80	0.06093583840572854
CRBN	0.06088242381986238
HSD3B7	0.060710332375098416
ADAMTSL4	0.06067476100461826
NOMO1	0.06063908646361943
GPR61	0.06041848260534738
MSMP	0.0603644124463257
CA5A	0.06035269365939973
UQCC5	0.060290258761850436
INO80E	0.06007293007811523
SETD7	0.06005331554759596
SNAPC4	0.060043544835839804
MTBP	0.06002344658971465
UNC119B	0.06000167698118708
SLC37A3	0.059983271612292034
TEFM	0.059904853462500005
MIB1	0.0598918766243348
MCL1	0.0598146723637673
SKAP2	0.059804594365541267
HNRNPA2B1	0.059723266052216555
MT1HL1	0.0596624560903363
HECW2	0.059598209417825024
STAB1	0.05929765520174101
HFM1	0.05925882886430572
TNFSF12	0.05913852813918939
ZPBP	0.059055860244752165
AP4E1	0.05891624033674434
POMC	0.05881382239668247
NDUFA5	0.058778287261701555
SCAPER	0.058771135280039126
RRS1	0.058770972220292546
KIAA0408	0.05836949291605445
CNTN6	0.058301644372343704
PAX5	0.05828733248250339
ERVFRD-1	0.05819621831966527
MARCO	0.0581749616699238
RMDN3	0.057985581362585116
CBX3	0.057941324229701274
RSBN1L	0.05790399991976376
USP53	0.057794013336979845
SLC39A5	0.0577860953142163
ZNF341	0.05770495100928616
TBRG4	0.05765729340127055
GSTA1	0.057649406518389165
AAGAB	0.05761240101479066
GASK1B	0.05746434729433481
OXER1	0.05744982988127225
TZMP1	0.05743147716708704
DBX2	0.05737295683581499
DEFB136	0.05729498257088864
NALF1	0.05726140132196829
SLC22A1	0.057249393783407744
CBX4	0.057247790362566386
AGGF1	0.057230866358591384
RPA2	0.057180578040914226
HAT1	0.05716608837065577
KLHL34	0.05715998495375258
FBXL20	0.05710999619528589
ERAP2	0.057065781746058704
HHATL	0.05705144378049888
PON1	0.057032605850331666
CSPG5	0.05699338092240473
WDR70	0.05688622802171565
SLC6A13	0.05686098716559685
NUDT19	0.05666429974336462
GNPDA1	0.05660198770680494
DISP2	0.056593333194373915
GZMK	0.05657265507017044
ERVMER34-1	0.056515375804747345
LPXN	0.05650781617371847
CHRM4	0.056398615967322346
CCNJL	0.05631175607856683
STX12	0.0562150197515498
NTNG2	0.0561937291310278
OR5D18	0.05596567195768818
FGF1	0.05594090272923917
ADGRB1	0.05589872460812421
PRR13	0.0558864815388186
DRD4	0.05583635651977664
RIF1	0.055697459057034916
CDC37L1	0.05569532367893389
HSD17B6	0.05542371093223738
KLHL32	0.05541687852754741
CHD9	0.05540529020085104
SPATA6L	0.055358488507251516
ENSG00000288654	0.05521979817662031
NECAB2	0.05507358340775087
CCDC59	0.0550109322295655
ZNF713	0.05498853302923863
NDFIP2	0.05498185777086308
TMPRSS13	0.05492960165152208
C17orf107	0.05492008530353426
HORMAD1	0.05485576559384484
MGST2	0.05472945254384426
SELPLG	0.05467909306350774
SDS	0.05461674888052426
PDE6B	0.05460188779639859
RAB10	0.054572649145590235
PLEKHM1	0.05456769507342856
VAX1	0.05456720589418883
ITPKA	0.054552679862613425
ACTA1	0.05450210881980478
SPPL2A	0.0545020363488063
ANXA2	0.05439918754601128
OIT3	0.0543718422000382
MVK	0.05429716989498007
SNRPD2	0.05427073762382442
SLC35A3	0.05424852373725082
TSPAN3	0.054239758709692554
MBD3L3	0.05413717657752475
DDX11	0.054119638595892756
NGLY1	0.05410175184758058
LPIN3	0.054055934434859405
FXYD6	0.05401019832931417
USP15	0.05391399760827028
IL27	0.053843637327621666
CCDC192	0.05382210450801621
IL20RB	0.05367785991860022
KIF12	0.05366444246682968
ARHGEF7	0.053660946999330106
SERINC4	0.0536446517820861
PDE12	0.05359731293322786
ACSF3	0.053588004939360674
UTP14A	0.0535636410955594
SP7	0.053498263196056245
COL10A1	0.053497099130643176
C17orf100	0.0534530865873792
C1QL3	0.053248319781175876
RCAN1	0.053215078240060894
HMGN2	0.05312178994726839
CNTLN	0.05311054788362928
PRND	0.053072240166776856
YWHAH	0.05305898023877384
AMN	0.053007353711232136
SIGLEC15	0.05298553994068986
BAIAP2L2	0.05284741021758827
MRPS10	0.052782870264005036
FAR2	0.0526231396539192
INSM1	0.052622152236564926
CRYGC	0.05259559161562225
ATP6V1A	0.052591035001592866
DNAAF9	0.052589078284633925
TMEM216	0.05249460327924132
RCHY1	0.05247039173777279
ENSG00000282936	0.052457085949216053
BYSL	0.052448671386877
NPIPB8	0.05240303390794399
AOC3	0.05239564866025521
TEX10	0.0523544307798701
NUDT3	0.05234304092760844
POLR2M	0.05232094917857265
CD19	0.05229378104683804
PLPP6	0.05223813747449781
TMEM82	0.052209597803953435
AP5Z1	0.05219748067817124
TMEM219	0.052166616399696476
VWDE	0.05215988078027661
GSTM3	0.05199063089694131
OVCH1	0.051975556929257614
C3orf49	0.05183002799270191
SPRY1	0.05182359883375869
SP1	0.051745402626399505
IFNA6	0.05165282545527958
RASAL2	0.051625933446227325
L1TD1	0.05162408963493202
RAMP2	0.05157662672981597
ZFC3H1	0.05152615382481777
SLC25A34	0.05149907124912303
TIMELESS	0.05149423173398239
SLC4A11	0.051354562002163116
IVD	0.051347108183824736
TMEM41A	0.05133176081426656
TDRD12	0.05128014900739642
COLQ	0.051244927913408914
SOAT1	0.05124423849529057
MTHFSD	0.05116277033558597
COL9A3	0.051155751406147316
AMBP	0.05107949832743486
BAG5	0.05104520595684192
CENPU	0.05096309178612744
OR5B21	0.05094609733698405
RASSF5	0.05094385738864238
HINT3	0.050916523507807725
GNGT1	0.05078151129581781
SPCS1	0.05077715385121653
KNSTRN	0.05073907065605991
RIOK3	0.050681180561402896
DMRT3	0.05065299181216691
IFITM10	0.05062439631001563
PTPN12	0.05061792940576071
GADD45B	0.0506037171635433
MYEOV	0.05055855414317847
ATRAID	0.05051412736399116
TTC6	0.050490435934045313
KREMEN1	0.05043414603615094
RCC1	0.050423686369914685
RAX	0.050418290869260134
YPEL3	0.050411542759505434
DGKZ	0.050359231720735906
ORC4	0.05031974408543949
NOX4	0.0502886042032804
WFDC12	0.05028765302142536
TP53BP1	0.05018399344933486
TTC21B	0.050162168355199065
RAD51C	0.04986353915001216
MYL3	0.04982271533068128
SCAMP1	0.049818570895455744
ARHGEF6	0.04980599717721958
HEXA	0.04966265407166489
OR4X1	0.049652784427559486
SERPINA1	0.04964194548384942
RTP2	0.04963995957718276
POU5F2	0.04958158620099096
QRFP	0.04957919352568179
GAL3ST3	0.04957815741687541
HOXC4	0.04946153742583029
WDR72	0.049361962840099374
DNAJC17	0.04928388892755012
TACC3	0.04927913754771232
SCOC	0.04925953131172529
CCT4	0.04922376064599931
SYNE1	0.04921870126441797
MAVS	0.04917131089320925
NDUFB2	0.04917119548691871
PSMD14	0.049150947674995914
LIPK	0.049144758198782036
TSGA13	0.04911310649019619
CTXN1	0.04910787498999347
POLR2J2	0.049102769433314146
HIBADH	0.04908266244285845
PAPOLG	0.04902873628220093
AKTIP	0.04896705931051074
R3HDM1	0.04893061998658786
ZBTB48	0.04876215209174787
MTAP	0.048705111754147885
HTR3A	0.04869786578665931
SACK1B	0.0486857993654125
MEIOSIN	0.04867873627395914
ASB3	0.04867650948929493
TRPM7	0.048642570414819584
H3-5	0.04857414873338029
SRARP	0.04851517206128969
HAAO	0.04847516750394943
OSBPL2	0.04847399953818748
PTDSS1	0.048473218147326275
PGAP4	0.04840199500885202
SETX	0.04839668084641665
HAPLN4	0.04833850774055789
MUC13	0.04824129396680218
TRIM13	0.04816540324308211
MYO9A	0.04811407112897173
NASP	0.048017450302608525
ABTB2	0.04800648340229177
FAM180B	0.04798823146808882
TUBB1	0.04789484239531405
CAMK4	0.047882870526073075
NUPR1	0.04787883026790785
TPCN1	0.04782744380054861
NOTCH1	0.047815910720556236
PPM1L	0.04773016960283974
DDB2	0.04766396734572888
LEKR1	0.047645328710807476
EHD4	0.04762447971043246
SLC24A2	0.04760527489583544
CYP46A1	0.047590508929895275
CAMSAP2	0.04756627191034135
NR3C1	0.047511963955855906
ATRN	0.04746532886833447
NPBWR2	0.04745690864419865
CNIH3	0.047438990189824636
EPHX4	0.04740559917727529
KIF21A	0.047380261504431954
C16orf78	0.047360581098907416
TMEM151A	0.047285691380853846
LIFR	0.04712156721648521
PKD2L2	0.047100813334295694
MDK	0.04709622048476707
SST	0.04708835964615076
GPATCH11	0.04708690343202507
SGF29	0.047053249712106233
NFKBIB	0.04704167247009916
TLN1	0.047004268376009024
DUSP13B	0.04700236601229894
MTFMT	0.04697253513754989
UBR5	0.04695788240754485
C22orf42	0.04691941389566455
BCL6B	0.04682710339517184
PRR15L	0.04673319513563453
ARMC7	0.0466873028758475
HERC6	0.04666594204904572
NFKB1	0.04658585253685126
CTSZ	0.04658142218088954
MESP1	0.04656550423684328
MSH6	0.046555771410685585
RABEP2	0.04655500423722512
CCDC110	0.046533392026647365
NAA50	0.046496079087485
ST3GAL3	0.04648358236968472
KLHL40	0.046472992545031934
BHMT2	0.04644233391559712
RIOX1	0.0464194274182809
ENSG00000289490	0.04630920808846867
STK32B	0.04623567890017561
BTAF1	0.046235446200328933
HPGDS	0.04620554949523992
TBR1	0.04616197419618311
PIM2	0.04614753434973611
NCKAP5L	0.04610710408818863
WDFY3	0.04597720485612268
NPIPA2	0.04597585791467438
NEK4	0.045950617058555576
EVA1B	0.045912003604678314
CCDC85C	0.045908692585935294
SNX18	0.045879056476994654
C2orf74	0.04578514765127767
LAMA2	0.04577434041362944
PYROXD2	0.04575799820347235
ZNF583	0.045720603168257025
TRPM1	0.04564839034770979
DRG2	0.04562130544438749
PLIN2	0.045596437700674924
GALNT13	0.045520039679965506
IFITM1	0.04551273030035325
H2AX	0.04549991086013787
ST7	0.045481258636904255
MRPL3	0.045460348489124267
GOLPH3L	0.04533653405294105
PITPNA	0.04530146997945025
PIK3C2A	0.045284069579479426
CLDN23	0.0452709795053791
CDK5RAP3	0.04524849537810089
TOPORS	0.04522464789016379
KANK3	0.04521221458448718
HOXC8	0.045194586014107085
IL12RB2	0.045190758639499895
NKIRAS1	0.045145219675830454
EMILIN3	0.04514256995494855
THAP12	0.04511457803178592
RNF11	0.04507330353343324
ASCL4	0.04503942522890974
DRC10	0.045035865468562565
SLC35D4	0.04497393629528131
LMOD2	0.04485022194708297
C22orf31	0.0448011862577369
RNF14	0.04479229044267356
DNAJC6	0.04472859239826797
YY1AP1	0.044684965423363095
TMEM106A	0.04459765315704676
FNDC5	0.04454967112807701
GALNT14	0.04427086160861485
N4BP1	0.044234227518883555
SH3KBP1	0.044150759046385
NPIPA1	0.04414524841960219
C6orf118	0.0441163217337951
SLCO1C1	0.04408666725546943
PDLIM5	0.04404022888393084
CST6	0.04403525839255858
FAM13B	0.043971666789932
TESMIN	0.04396711074208229
CCDC82	0.04393886743514368
MSC	0.04385784599120315
ARTN	0.043824770906912794
PHF3	0.0438057234902656
CCDC88A	0.0438054936213173
REC114	0.04365546053671548
VRK2	0.04356504843667512
ZCCHC10	0.043364561948819484
PANK2	0.04336146551217352
NEIL3	0.04334697867281344
NDUFB6	0.04326349661200267
PRICKLE2	0.043059943695023875
RSU1	0.04305179976656976
COL14A1	0.0430404127609337
SPP2	0.042955435985779285
INVS	0.04278919204470513
CALHM1	0.042692606321481814
PTPMT1	0.04258347858608417
METTL2B	0.04252854103979944
TSLIG1	0.0424851037350859
OR4C3	0.042453628674558846
ASXL3	0.0424348586859527
SOCS1	0.04242329503225785
PXYLP1	0.04233769772417896
SKP2	0.04230032986558806
CCDC39	0.04227531378280048
BACC1	0.04225775768341886
PRRT4	0.04221185636475702
MMRN1	0.042197769814427605
IL22RA1	0.042175756182459834
TMEM233	0.04205973520951152
CASP4	0.04205468488680499
CATSPER4	0.0420285590918532
THAP2	0.04193034786678118
SCN9A	0.04192050370076118
RAD21	0.04192011983094111
CPA5	0.04184980484466655
RASA4B	0.04184213197770255
ACTR1A	0.04183588135408371
GLI1	0.04175326441581728
CPA4	0.04171866857291822
IFT172	0.041714626616213966
GPATCH3	0.04171028458428164
SIRPB1	0.041681296184889916
BRAP	0.04164518298046019
ITPRIP	0.041639149769836785
MYZAP	0.041636930345508354
ERLIN2	0.04162206473194528
NLRP2B	0.04159434457502694
SIPA1L1	0.041574578110191704
CORIN	0.04146473019424667
ABHD18	0.0414498555218088
CYCS	0.04143912981403385
SPTBN1	0.04134800659232092
HEPH	0.04129074997408485
PITPNM3	0.04128666442154558
HDC	0.04125208216695873
MED28	0.04117307802120243
SERF2	0.04116092950390266
KCNK5	0.04112368507248104
LHFPL2	0.04111595445519013
SMCO4	0.041061859384262725
ENSG00000289764	0.04105149150204278
BTBD16	0.04104644570877365
EIF4ENIF1	0.04101963596877371
HSPH1	0.04090856510472934
TRMT11	0.04089702409822151
CENPP	0.040727985494268495
TBC1D16	0.04069396036048245
DRD2	0.0406315130069803
MFAP1	0.04060442866983768
PROK2	0.04059503291812077
MAP4	0.04050379646047271
SLC22A31	0.04046612512957568
SYT4	0.040459004853975085
NVL	0.040455422068987765
EFHC1	0.04042492083750278
GIMAP6	0.040420907755961986
NPIPB15	0.04035070147618515
BAZ1B	0.040345001745390685
ITGA2	0.040333032140868405
IFNA5	0.04032822640778175
ABCB11	0.04023953096451787
ARFGEF3	0.04023125568237901
DAW1	0.04009000970634281
TBC1D7	0.04001798259272918
GCM1	0.039993704808238606
ADGRG2	0.039990294141872676
NMD3	0.03998528005466538
GMPPB	0.03990282164670813
OXSM	0.03988517495857842
SLC14A1	0.03986065711390538
KDM3B	0.03985387201667275
TRIM51G	0.03985328771924752
CREBBP	0.03984508490810714
MFAP3L	0.03983398778646499
PCARE	0.039809356705856835
GATC	0.0397967150460596
NBPF10	0.03978465315425019
SIT1	0.039779512242795564
TMEM19	0.0397260014692934
EIF3C	0.039705973995627704
LAP3	0.03970260522655777
PLPPR4	0.0396378359702059
TANC1	0.03962699702649584
HSPG2	0.039596786245184444
SCRN3	0.03957501720283654
PLAG1	0.039528759757158735
GABARAPL2	0.03950334338534049
HEMGN	0.03947960007446371
CHST15	0.039478408832426204
KCNH2	0.039407206076420266
HPR	0.03931500484860495
GTPBP4	0.03930165376567416
NKX3-1	0.03928201242654724
GPRIN3	0.039248612355123086
OR13C3	0.039246809639035915
ELP3	0.039224773926060795
NAAA	0.03919250168455047
FHAD1	0.03911055963245738
OSBPL6	0.03909826220990292
TBXT	0.039016600982928945
TRNT1	0.038994610564327875
GNAI3	0.038961658907206806
GTF2IRD2B	0.03892771983273146
OR5L1	0.03887689444943076
GOSR2	0.038857758142574486
EPHB3	0.03884917032925469
SELP	0.038836039490217716
TMEM119	0.03873968476830205
BOP1	0.038716657108535245
CEP41	0.03867731441523579
MCM9	0.038605531891242016
VPS9D1	0.038576144901358654
SELENON	0.038566909378489944
KLHL3	0.038560011045322196
SLC7A14	0.03853329642350776
P2RX1	0.038505354324156575
ENSG00000300510	0.038468557174678696
MBD5	0.03829805103300647
TERF2IP	0.038247697277375564
HS1BP3	0.03822874158183581
UFSP1	0.038174700864157265
EIF2B5	0.03815376580447155
FAM174A	0.0381512519667118
INKA1	0.038101382860883215
PTPRN2	0.038082762343711433
ABHD16B	0.0380364080813091
TACR2	0.03802004322396499
HSPD1	0.037951111980817645
TLCD3A	0.037932396345460355
LRRC32	0.03791494215842035
LRRFIP2	0.037891828439342856
ANKK1	0.037869462077437174
ENSG00000285566	0.037857119360508666
PSMG3	0.0377928307907014
VIP	0.03776283459148707
HSPA4L	0.037732537184685305
LAMC2	0.03770986735047349
TOX4	0.03763297109164953
PDE1C	0.037626919763276506
PAQR6	0.037583620606403814
TMEM200A	0.03757729751178649
SLC36A4	0.03753565839372272
PSMC3	0.03753412517916114
ACMSD	0.03751684311074253
SOX1	0.03749286426912068
RAVER1	0.03749100040562854
ORAI1	0.03745547602806146
LRBA	0.03733970360799074
DNAJC12	0.03725859950181757
CTXN3	0.03720650870694186
BAZ1A	0.03708353448139726
PLEKHA7	0.03704045953167611
SRP14	0.036867215345092595
RNFT1	0.03686580216062225
ENSG00000288645	0.03684323423875205
RFPL3	0.0367891074617628
ANAPC5	0.036759514382477515
IFNA17	0.036753743879223595
TMEM42	0.03667861863042497
ZBTB2	0.03667513775777926
CHST10	0.036674913550627714
PACRGL	0.03662204595723705
SAMD3	0.03656635199490569
DAP3	0.03656056337390216
LHX3	0.036530358820567196
SOWAHB	0.036509022905671144
PNPO	0.036479359620106074
GAPT	0.036411171204693143
SLC22A12	0.036375196148104263
UBN1	0.036368143814064745
PIGV	0.03634678978141907
SMYD2	0.03633778978929542
MARS2	0.03629624352469845
YARS1	0.03627310489371523
ADAMTSL1	0.03625695291992915
NUDT16L1	0.03619731155289937
CERKL	0.0361924967609379
FRRS1	0.03610646462686813
TRIAP1	0.03604554142905275
WWP2	0.036034251806320895
TMEM134	0.03595963611923033
MFSD8	0.035942057372661686
RFLNA	0.035940949925216174
RBM28	0.035933843237927796
SKA2	0.035932126581151316
ATP5F1C	0.03561189762133952
MLIP	0.03552368909259667
IFNA10	0.0355159460193529
ZBTB16	0.0354970310887498
RUFY4	0.03546649135704687
EQTN	0.035463472487016465
NME5	0.03541395667730547
KCNA4	0.035411517575262896
LOXL1	0.035396692726636474
AASS	0.03537939933462435
TBCA	0.03531119280146179
ERGIC2	0.03526775096731084
YJEFN3	0.03522273288894297
SPATA16	0.03518976764350969
ARHGAP26	0.03517967605697144
NRAP	0.035124505244660355
EXOSC10	0.035098164301431825
SFN	0.035093804717929555
CASP8AP2	0.035061416975765404
TOGARAM2	0.035061416975765404
ATPAF2	0.035007740877797955
BBS12	0.035006449988137546
PHTF1	0.034996030017387436
SPTSSB	0.03498492157215178
NXPE3	0.03489429205911598
OTUD5	0.034874779242775426
SESTD1	0.0348388517452793
MX2	0.034822819801584456
MDGA1	0.03481957672440251
ZNF143	0.03481529867077352
SLC6A4	0.03479605082652116
CREB5	0.0347711502443874
TMEM129	0.03476792981439248
ACTR8	0.03460776664303448
SPNS1	0.034550224670241894
ARL11	0.03454122694283695
PRMT3	0.034516822334099036
PRDM4	0.03445542581007484
PDE4D	0.03442748824016106
ENSG00000287839	0.034418356894352665
IFNA4	0.034315796843192206
VAV3	0.03429810259596974
ENDOU	0.03421617186747017
MLH1	0.034200318836552814
RCL1	0.03413803907223465
IQCM	0.03406656681470312
FGF2	0.03397617736184979
SNAPC3	0.033955923982493516
CHST12	0.0339343457426963
SLC16A6	0.033877578303699966
SLC25A23	0.0338240720596352
ACHE	0.033745176054196954
RPUSD2	0.03369546774339625
FAM107B	0.03365156390662999
LCLAT1	0.03362714797429857
MIDN	0.03361921013524638
THAP6	0.03361407601794786
FAN1	0.03358619053656424
SLC8B1	0.03352450865798352
RPS6KA4	0.03347330789755788
NGEF	0.03346395460931665
ARMC10	0.03344252584095379
MTMR10	0.03342591639398981
NUDT16	0.03334907901785211
CATSPER1	0.033309219968688485
TTLL6	0.03329930503020904
IQSEC2	0.033290293714491874
UNKL	0.03328425370971236
MMP14	0.033187061041876784
GNG4	0.03318492994157775
GALNT16	0.03317420423380281
NUDT2	0.033126341668744626
RASA4	0.03311892697971271
USP2	0.033091188705044745
HDGFL3	0.03307979037581517
OR13C4	0.03307356919353946
OSBPL3	0.033012698084254236
AP1B1	0.03278421061436115
MKRN2OS	0.032751150250742364
NAA20	0.032699865695724736
TMEFF1	0.03267883098841611
ATG16L2	0.03267183074290675
ZNF513	0.03266659018382921
HACL1	0.03264301899157381
AP3M1	0.032582734444432535
MXD3	0.03252758627930847
ZNF761	0.03249412958991675
ACTR10	0.03249181957684023
TRIM8	0.0323770436329986
NRG4	0.03231078702263888
SSTR2	0.03229962875359177
ATP13A1	0.03210370793864033
GAREM1	0.03205908618604539
FMNL2	0.03205832750528006
TSR3	0.0320560831690459
PCDH12	0.031941538226511926
TTC38	0.031938444620764346
TMBIM4	0.03178720670581281
OGA	0.03175673491567096
H1-8	0.031690645894495224
R3HDM2	0.031616560151581034
ICAM2	0.03161362507614262
RASAL1	0.031582691283385464
NECTIN2	0.03153755770436376
IRF2BPL	0.03149834862946775
MDFI	0.031483290514814966
DPP3	0.03147918231508867
NMRAL1	0.03147840325185502
YTHDF3	0.031456904277212386
CEP85	0.0314558217416726
SLMAP	0.03145134892223521
PTHLH	0.031436965693755765
MUC4	0.03139466754254957
TTK	0.031381169819082795
PLBD2	0.03137885527656886
CALN1	0.03131640792306671
CCR6	0.03126956674614334
ZNF721	0.031216019737141932
ACP2	0.031213032573173365
CLEC18B	0.031195741445879936
TRIM64C	0.031187482016771996
TMEM178B	0.03116480991784148
RHPN1	0.031161734429843515
ANXA6	0.031056434069053063
MRPS23	0.031056434069053063
BPNT1	0.03104506744588532
TDO2	0.03102448115287979
DNAH14	0.031023688501333923
EIF2A	0.031013497267172768
SART3	0.031002714941430264
GTF3C2	0.031000801254126673
GPN2	0.03099692632042673
ITIH5	0.030995461047426225
C21orf58	0.030953898929798336
BUD23	0.03094965484694989
LRIG2	0.030949102255586485
RPL6	0.0309355048844968
PERP	0.03092874922860731
CPT1C	0.030911614366904355
SLC19A3	0.030895879101359533
WNT3	0.030771523397406422
DHRS9	0.030765562657781496
KANSL2	0.030758021144502243
PHRF1	0.030752361612464748
CRYGS	0.030744885776027867
TBCCD1	0.030744885776027867
DNAJC11	0.030742260967051693
SAMD8	0.030735031984953382
KCNK15	0.030722739091836326
FXR2	0.03071431886770051
KCNIP2	0.030702354358795314
RNF13	0.030695184259383265
FIRRM	0.030672165658491273
ZNF84	0.03066764980939853
PGC	0.03065148651201894
ZNF564	0.030584962664852326
VDAC2	0.030578281744680014
DIP2A	0.030576682853276065
SLC38A1	0.030537636838126627
ENSG00000284684	0.03053709104091933
DTX1	0.03051327072960666
ITPRID2	0.030482828380807937
E2F1	0.03048080372228792
